NO,Q1,Q2,Q3,Q4,Q5,Q6,Q7,Q8,Q9,Q10,Q111,Q112,Q113,Q114,Q12,Q13,A1,A2,A3,A4,A5,B1,B2,B3,C1,C2,C3,D1,D2,D3,E1,E2,E3,F1,F2,F3,G1,G2,H1,H2,I1,I2,I3,J1,J2,J3,K1,K2,K3,K4
1,1, ,2,1, ,4,3,4,4,1,1,0,1,0,2,1,5,5,5,6,5,5,6,5,6,5,6,5,6,5,5,3,3,4,4,5,5,4,3,3,3,3,4,3,3,4,3,4,3,4
2,1,6,2,1,7,3,4,4,4,1,1,0,1,0,2,1,5,4,5,4,5,5,4,5,5,4,5,5,4,5,4,3,4,4,3,4,5,4,5,4,5,4,5,5,4,5,5,4,5,4
3,1,4,2,1,4,4,2,2,3,1,0,1,1,0,1,1,5,5,5,5,5,5,5,5,5,5,5,4,4,4,2,2,2,2,2,2,5,5,2,4,2,2,2,1,1,1,5,5,2,5
4,1,2,1,1,3,4,2,2,2,1,0,1,1,0,1,1,5,4,5,5,5,5,4,4,5,4,5,5,4,5,3,3,3,3,3,3,4,6,3,3,1,1,2,1,1,2,4,5,3,4
5,2,4,3,1,6,4,3,2,3,3,0,1,1,0,3,1,5,5,4,4,4,5,3,5,5,4,5,5,4,5,3,3,3,4,3,2,4,6,1,4,3,3,1,2,1,2,5,5,1,4
6,2,2,1,1,3,4,1,1,3,1,0,1,1,0,2,1,4,5,5,4,4,5,3,5,4,4,4,4,3,5,3,4,3,3,1,3,3,5,3,3,3,2,2,3,2,2,3,3,3,4
7,2,1,1,1,2,4,3,3,3,1,0,0,1,1,1,1,5,5,4,6,5,5,4,5,5,5,5,5,5,5,4,4,4,2,3,3,5,6,3,4,3,2,1,4,2,3,5,5,2,6
8,1,2,1,1,1,4,2,2,3,1,1,0,0,1,1,2,4,4,3,2,3,4,3,5,4,4,5,5,4,5,6,5,6,4,2,4,3,5,4,3,3,4,3,4,3,5,5,4,2,3
9,2,1,1,1,2,4,2,1,3,4,0,0,1,1,1,2,3,3,4,4,4,4,3,4,4,3,5,4,4,3,4,3,3,3,1,2,3,1,3,3,1,2,3,3,5,3,4,4,2,4
10,1,2,1,1,4,3,4,2,2,1,0,0,1,1,1,2,1,3,2,2,2,1,2,3,1,1,2,1,2,3,3,2,2,2,1,2,4,2,2,3,3,2,3,2,3,3,3,5,6,2
11,1,1,1,1,3,3,2,1,2,1,0,0,1,1,1,1,5,4,5,4,5,3,3,3,5,4,5,4,3,4,3,3,3,3,3,3,3,3,3,3,3,3,3,3,3,3,3,4,4,3
12,1,2,3,1,1,3,1,1,3,2,0,0,1,1,4,2,4,4,4,4,4,4,3,4,4,4,4,3,3,3,3,3,4,3,3,3,3,3,3,3,2,2,2,2,2,2,3,3,2,3
13,1,2,1,1,1,4,2,1,3,1,0,1,1,0,1,1,3,3,3,3,3,3,3,3,3,3,3,3,3,3,3,3,3,3,3,3,3,3,3,3,3,3,3,3,3,3,3,3,3,3
14,2,2,1,1,3,4,3,1,3,2,0,0,1,1,2,2,3,3,3,3,3,3,2,3,3,3,2,4,3,2,2,2,2,2,2,2,3,2,2,4,3,4,4,4,4,3,4,4,5,6
15,2,1,1,1,2,4,2,2,4,3,0,0,1,1,4,1,2,2,2,2,2,2,2,2,2,2,2,2,2,2,2,2,2,2,2,2,2,2,2,2,2,2,2,2,2,2,2,2,2,2
16,1,1,1,1,1,4,2,2,4,3,0,0,1,1,2,1,4,4,4,4,4,4,4,4,4,4,4,4,4,4,4,4,4,4,4,4,4,4,4,4,4,4,4,4,4,4,4,4,4,4
17,1,1,1,1,1,4,2,1,2,2,0,0,1,1,2,2,5,5,4,5,5,4,4,5,4,4,5,4,4,5,3,3,3,3,3,3,4,5,2,4,3,3,3,2,2,3,4,4,3,4
18,2,1,1,1,2,2,2,2,3,4,1,0,1,0,2,2,3,3,3,3,3,3,3,3,3,3,3,3,3,3,3,3,3,3,3,4,3,3,3,3,3,3,4,3,3,3,3,3,3,3
19,2,1,1,1,3,4,2,1,3,1,1,0,1,0,1,2,2,1,5,4,3,2,2,4,6,5,6,5,3,5,2,2,5,3,1,1,5,2,2,4,2,2,2,1,1,4,4,4,3,4
20,2,1,1,2,1,3,2,2,2,2,0,1,1,0,1,1,6,6,6,6,6,6,3,6,6,6,6,6,6,6,1,1,1,4,1,1,6,6,4,4,1,1,1,1,1,1,6,6,6,6
21,1,1,1,1,2,4,3,2,2,1,0,1,1,0,2,1,5,5,5,5,5,5,3,5,5,5,5,5,5,5,5,5,5,5,5,5,5,5,5,5,5,5,5,5,5,5,5,5,5,5
22,1,1,1,1,2,4,3,2,2,1,1,0,1,0,3,1,5,5,5,5,5,5,3,5,5,4,5,5,3,5,5,5,5,6,4,4,4,2,4,4,4,2,4,3,3,2,5,5,3,3
23,2,2,1,1,1,4,2,2,1,1,0,0,1,1,2,1,6,6,6,6,6,5,5,5,6,6,6,5,6,6,2,2,2,3,3,3,5,5,4,4,3,2,2,2,2,2,5,5,2,5
24,1,2,1,1,3,4,2,1,3,2,1,0,0,1,2,2,3,3,4,4,4,4,1,4,3,3,4,3,3,3,5,3,6,4,2,2,2,6,3,3,3,3,3,5,1,1,6,6,3,4
25,2,1,1,1,2,4,1,2,3,2,0,0,1,1,1,1,5,5,5,5,5,4,4,5,5,5,5,5,5,5,3,3,3,3,3,3,4,4,3,4,3,3,3,3,3,3,4,4,3,4
26,1,2,1,1,3,3,2,2,3,3,0,0,1,1,2,2,4,5,4,4,5,4,2,5,4,5,5,5,5,4,6,6,6,6,3,2,6,6,4,4,4,4,5,5,4,4,4,5,3,4
27,2,1,1,1,1,3,2,2,3,2,0,0,1,1,1,2,4,4,6,5,5,6,5,6,4,5,4,5,5,5,5,6,6,4,3,2,4,2,3,5,1,3,2,1,1,1,3,2,1,6
28,1,1,1,1,3,4,3,4,3,2,1,0,0,1,2,1,4,4,4,4,4,3,3,3,4,4,4,3,3,3,2,2,2,3,3,3,5,2,3,4,3,3,2,3,2,2,6,6,3,4
29,1,1,1,1,3,4,3,2,2,1,0,0,1,1,1,2,3,4,5,3,4,4,3,5,5,5,4,5,3,4,5,4,4,4,2,2,4,4,4,3,4,3,3,3,3,3,4,4,1,5
30,1,1,1,1,1,4,3,3,3,1,1,0,1,0,1,2,4,4,3,4,4,4,4,4,4,4,4,4,4,4,3,3,3,4,3,4,4,4,4,4,4,5,4,4,5,5,5,5,4,4
31,2,1,1,3,1,4,1,1,2,2,1,1,0,0,2,1,3,4,5,3,3,4,3,2,4,6,4,4,4,5,4,4,4,5,5,5,5,6,6,6,4,4,5,4,5,5,4,4,4,5
32,2,1,1,1,3,4,3,2,3,1,0,1,1,0,1,1,5,6,5,6,6,5,4,4,6,5,5,6,5,5,2,2,2,3,2,2,4,5,4,4,4,3,2,2,2,2,5,5,4,5
33,1,2,1,1,2,3,1,1,1,1,1,1,0,0,1,1,4,4,4,4,4,4,4,4,4,4,4,4,4,4,4,4,4,4,4,4,4,4,4,4,4,4,4,4,4,4,4,4,4,4
34,1,1,1,1,1,3,4,5,3,3,0,1,1,0,1,1,2,2,3,3,3,5,4,4,5,4,4,5,5,5,5,5,5,2,2,5,5,5,3,4,2,2,4,1,1,3,5,5,1,4
35,1,1,1,1,2,4,2,2,2,3,1,1,0,0,2,1,3,3,3,3,3,3,3,3,3,3,3,3,3,3,3,3,3,3,3,3,3,3,3,3,3,3,3,3,3,3,3,3,3,3
36,1,2,1,1,4,4,2,2,1,2,1,0,1,0,2,2,4,3,3,4,5,4,2,4,6,4,6,6,3,5,2,2,2,1,1,3,5,6,1,6,3,3,3,1,3,2,4,5,1,3
37,2,1,1,1,1,3,2,2,2,2,1,0,1,0,2,1,4,4,4,4,4,4,4,4,4,4,4,4,4,4,4,4,4,4,4,4,4,4,4,4,4,4,4,4,4,4,4,4,4,4
38,1,1,1,1,3,4,1,1,3,1,1,0,0,1,2,2,4,4,4,4,4,4,4,4,5,4,5,4,4,4,4,4,5,3,3,3,5,6,3,3,3,3,3,2,2,2,2,2,2,4
39,2,1,1,1,1,1,2,2,3,1,0,0,1,1,1,1,4,5,4,5,5,4,5,4,5,4,5,5,5,4,4,4,4,5,4,4,4,4,5,3,4,4,4,3,3,3,4,4,2,5
40,1,2,1,1,2,4,2,2,1,1,0,0,1,1,2,2,4,4,4,4,4,4,4,4,4,4,4,4,4,4,4,4,4,4,4,4,4,4,4,4,4,4,4,4,4,4,4,4,4,4
41,2,1,1,2,2,4,2,2,2,1,0,0,1,1,2,1,5,5,5,5,5,5,5,5,5,5,5,6,6,6,5,5,5,6,6,6,6,6,5,6,5,5,4,6,6,6,5,6,6,6
42,2,1,1,1,1,4,1,1,2,1,0,1,1,0,4,1,3,3,3,3,3,3,3,3,3,3,3,3,3,3,3,3,3,3,3,3,3,3,3,3,3,3,3,3,3,3,3,3,3,3
43,1,2,3,1,4,3,5,2,3,2,1,0,1,0,2,1,5,5,5,5,4,4,4,4,5,5,5,5,5,5,4,4,5,5,5,5,4,4,4,4,4,4,4,4,4,4,3,3,3,5
44,2,1,1,1,2,4,3,2,3,1,0,0,1,1,2,1,4,4,4,4,4,3,3,4,4,4,4,4,2,4,5,5,5,4,3,3,4,4,5,4,3,4,4,3,3,3,3,4,3,3
45,1,1,1,1,1,4,3,2,3,2,0,1,0,1,2,2,4,4,4,4,4,4,4,4,4,4,4,4,4,4,4,4,4,4,4,4,4,4,4,4,4,4,4,4,4,4,4,4,4,4
46,1,2,1,1,1,4,1,2,1,2,0,0,1,1,1,2,3,4,3,4,4,4,2,3,4,4,5,5,4,5,3,4,5,5,4,4,3,2,4,3,3,3,2,5,4,5,4,3,1,2
47,1,2,3,1,6,4,3,2,3,2,1,0,1,0,2,1,3,4,4,4,4,4,3,5,6,4,6,6,3,5,3,3,6,2,2,3,4,4,3,3,3,3,3,2,2,3,3,3,3,3
48,1,1,1,1,2,4,1,1,2,2,0,0,1,1,2,1,3,3,3,3,3,3,3,3,3,3,3,3,3,3,3,3,3,3,3,3,3,3,3,3,3,3,3,3,3,3,3,3,3,3
49,1,2,2,1,4,4,1,1,3,1,0,1,1,0,2,2,5,5,5,5,5,5,5,5,5,5,5,5,5,5,5,5,5,5,5,5,5,5,5,5,5,5,5,5,5,5,5,5,5,5
50,1,1,1,1,3,4,2,1,3,2,0,1,1,0,2,1,4,5,4,5,5,5,5,5,5,4,5,5,4,4,3,3,2,3,3,3,4,3,4,2,4,4,4,1,1,1,3,4,1,3
51,1,1,1,2,2,4,1,1,3,1,0,0,1,1,2,2,4,3,4,4,4,3,3,5,5,5,5,4,5,5,5,3,5,1,4,1,6,6,3,3,4,4,4,4,4,4,4,4,4,4
52,2,1,1,1,1,3,1,2,3,1,1,0,1,0,2,1,5,4,3,5,5,4,4,4,6,4,6,6,4,6,5,5,5,3,5,4,6,6,5,2,2,2,2,2,2,2,3,3,1,5
53,1,2,1,1,2,4,2,2,3,1,1,0,1,0,1,1,5,5,5,4,5,4,3,5,5,4,6,5,3,4,3,5,4,2,1,3,4,5,2,5,5,2,2,3,2,3,4,4,4,5
54,1,1,1,1,1,4,3,4,3,2,0,0,1,1,2,2,5,5,5,5,5,4,2,5,4,4,5,5,5,5,2,3,5,2,2,2,5,5,2,2,2,1,1,1,3,2,5,5,1,5
55,2,1,1,1,3,4,1,1,3,4,0,0,1,1,2,1,5,5,5,5,5,4,4,4,5,5,5,5,5,5,4,4,4,3,3,3,3,3,3,3,3,2,2,3,3,3,5,5,5,5
56,2,1,1,1,3,3,1,1,3,1,0,1,1,0,1,2,4,4,4,4,4,4,4,4,4,4,4,4,4,4,4,4,4,4,4,4,4,4,4,4,4,4,4,4,4,4,4,4,4,4
57,2,1,1,1,3,3,2,2,2,2,0,0,1,1,2,2,3,3,3,3,3,3,3,3,3,4,3,4,4,3,4,4,3,3,4,5,5,3,3,4,3,3,4,4,3,4,4,3,3,4
58,1,1,1,1,1,3,2,2,2,2,0,0,1,1,1,2,4,4,4,5,4,4,4,5,5,4,5,3,3,4,3,5,4,2,1,3,4,5,2,4,5,3,3,3,3,5,3,5,1,4
59,1,1,1,1,1,2,2,1,2,2,1,1,0,0,2,1,1,2,1,3,2,4,3,2,2,1,3,3,2,1,1,2,3,2,1,1,3,3,3,3,2,1,2,4,3,2,2,3,3,2
60,2,1,1,1,1,3,1,1,2,2,0,0,1,1,2,1,4,4,4,4,4,4,4,4,4,4,4,4,4,4,3,3,3,3,3,3,3,3,3,3,3,3,3,3,3,3,3,3,3,3
61,1,1,1,1,1,3,3,2,1,1,0,0,1,1,2,2,3,3,3,3,3,3,3,3,3,3,3,3,3,3,3,3,3,3,3,3,3,3,3,3,3,3,3,3,3,3,3,3,3,3
62,1,1,1,1,2,4,3,2,3,1,1,0,1,0,1,2,3,3,3,3,3,3,3,3,4,2,4,3,2,2,4,5,3,5,4,5,5,4,4,3,3,4,5,6,3,4,4,5,4,5
63,2,2,1,1,1,4,2,2,2,3,0,0,1,1,1,2,3,3,3,3,3,4,4,4,4,4,4,4,4,4,3,3,3,1,1,1,3,3,2,3,1,1,1,1,1,1,2,2,1,5
64,2,1,1,1,1,4,2,1,2,2,0,0,1,1,2,1,5,5,3,4,5,5,3,5,5,3,5,5,3,4,4,4,4,3,3,2,3,5,2,3,3,2,2,3,2,2,5,5,2,4
65,1,1,1,1,1,4,3,3,2,1,0,0,1,1,2,1,3,3,3,3,3,5,5,5,5,5,5,5,5,5,5,2,3,3,1,1,5,3,4,3,4,4,3,4,3,3,4,3,3,4
66,2,1,1,1,1,4,3,3,3,2,0,0,1,1,2,1,4,4,4,4,4,3,3,3,4,4,4,4,4,4,4,4,4,3,3,3,4,4,3,3,3,3,3,3,3,4,3,3,3,3
67,1,1,1,1,3,3,2,2,2,2,1,1,0,0,2,2,4,3,4,3,4,4,3,4,3,4,3,3,4,4,4,3,3,3,4,3,4,4,3,4,3,3,4,4,3,4,3,4,3,3
68,2,1,1,2,2,4,2,1,3,4,0,0,1,1,1,2,6,5,1,1,5,4,4,5,5,4,5,5,5,5,4,4,5,4,4,1,4,4,4,4,4,4,5,4,5,5,5,5,5,5
69,1,1,1,1,3,4,2,3,2,1,0,0,1,1,1,2,3,3,4,3,4,4,3,4,4,3,5,5,5,3,2,6,6,3,2,2,6,6,3,3,3,3,2,3,3,3,5,5,3,3
70,1,1,1,1,2,4,1,2,3,2,0,0,1,1,2,2,3,3,3,4,4,3,3,4,4,4,4,4,4,4,2,4,4,3,3,3,3,4,3,3,3,3,3,5,3,4,4,4,3,4
71,2,1,1,4,1,3,1,1,1,1,1,0,1,0,1,2,4,4,4,4,4,4,4,4,4,4,4,4,4,4,4,4,4,4,4,4,4,4,4,4,4,4,4,4,4,4,4,4,3,4
72,2,4,2,2,4,3,2,2,4,2,1,0,1,0,2,1,4,5,3,5,5,4,4,5,4,4,4,4,4,4,4,4,5,4,5,4,5,6,2,3,3,3,3,4,3,3,4,5,5,6
73,2,2,2,1,4,2,1,2,2,1,1,0,0,1,2,2,3,3,3,3,3,4,4,4,4,4,4,4,4,4,3,3,3,4,2,2,4,3,3,3,3,3,3,3,1,1,4,4,3,3
74,2,1,1,3,1,4,3,3,3,1,0,1,1,0,1,1,6,6,6,6,6,6,3,5,6,6,6,6,4,5,3,3,3,3,2,3,4,4,2,4,3,3,3,2,2,2,5,5,4,5
75,1,2,1,4,2,4,2,2,3,2,0,0,1,1,2,2,3,3,3,3,3,4,2,3,3,3,3,4,2,4,3,3,5,3,4,3,4,3,3,3,3,3,3,2,2,2,3,5,3,3
76,2,1,1,1,2,4,2,2,2,1,0,0,1,1,1,1,4,4,6,5,4,4,4,4,5,4,5,5,5,5,1,1,2,1,1,1,4,6,2,2,1,1,1,1,1,2,5,5,1,3
77,2,4,2,1,6,4,3,3,3,1,1,0,1,0,1,1,3,4,4,3,4,4,3,3,4,3,6,3,3,4,3,4,3,3,3,3,3,6,3,5,3,3,3,3,1,2,5,5,4,4
78,2,2,2,1,4,3,2,2,4,4,0,0,1,1,1,2,4,4,3,3,3,3,3,3,3,3,3,4,4,4,5,5,5,5,5,5,3,3,5,3,5,5,5,4,4,4,2,2,2,2
79,1,2,1,1,2,4,3,2,2,3,0,0,1,1,1,2,5,5,5,5,5,4,4,4,5,4,5,4,4,4,5,5,5,3,3,3,5,5,3,3,3,3,3,3,3,3,4,4,3,4
80,1,1,3,1,4,4,1,1,1,1,0,0,1,1,1,2,4,4,4,4,4,4,4,4,4,4,4,4,4,4,4,4,4,4,4,4,4,4,4,4,4,4,4,4,4,4,4,4,4,4
81,2,1,1,2,2,4,1,1,3,2,1,0,1,0,2,1,4,4,4,4,4,3,3,3,4,4,4,4,4,4,4,4,4,3,3,3,4,4,4,4,4,4,4,4,4,4,4,3,4,3
82,1,1,1,1,1,4,3,2,3,2,0,0,1,1,1,2,4,4,3,3,3,4,3,4,4,3,5,4,4,5,5,5,5,5,5,5,4,5,4,3,3,3,3,4,4,4,3,4,3,3
83,1,1,1,4,2,4,2,1,3,3,0,0,1,1,2,2,4,4,4,4,4,3,2,4,4,4,4,4,2,3,3,3,3,4,4,4,4,4,3,3,4,4,4,4,4,4,4,4,4,4
84,2,2,1,1,2,3,1,1,1,4,0,0,1,1,2,1,3,2,3,3,3,4,3,3,4,3,5,4,3,3,2,2,3,3,2,2,4,4,3,3,2,2,2,1,1,1,4,4,3,4
85,2,2,1,4,1,4,2,1,2,4,0,1,1,0,2,1,4,5,5,5,5,5,5,5,5,5,5,5,5,5,5,5,5,4,4,4,5,5,4,4,2,3,3,3,3,3,4,4,4,5
86,1,1,1,2,7,4,5,5,5,1,1,0,0,1,1,1,6,6,6,6,6,6,6,6,6,6,6,6,6,6,6,6,6,6,6,6,6,6,6,6,6,6,6,6,6,6,6,6,6,6
87,2,1,1,1,2,4,2,2,2,3,0,0,1,1,1,2,4,3,3,3,3,2,2,4,4,3,3,3,3,3,6,5,6,6,1,3,6,6,3,3,1,1,1,1,1,1,4,4,1,6
88,1,2,1,1,3,3,1,4,4,1,0,0,1,1,2,1,6,6,5,5,6,4,3,5,6,5,5,5,4,4,3,5,6,5,4,3,5,5,4,3,2,2,2,3,3,3,5,5,3,5
89,2,1,1,1,3,4,2,1,1,2,1,0,1,0,1,2,3,3,3,3,3,3,3,3,3,4,4,4,2,3,3,4,5,3,3,3,4,4,3,3,3,2,3,4,3,3,4,4,3,3
90,1,1,1,1,4,4,1,1,3,2,0,0,1,1,4,2,1,1,1,1,1,1,1,1,1,1,1,1,1,1,1,1,1,1,1,1,1,1,1,1,6,6,6,6,6,6,1,1,1,1
91,1,1,1,1,1,3,3,2,2,4,0,0,1,1,1,1,3,3,3,3,3,4,3,4,3,3,4,3,3,3,2,3,3,4,1,3,3,4,3,3,3,3,3,3,3,3,4,4,1,3
92,1,2,2,1,4,3,3,2,2,1,0,0,1,1,2,2,5,5,4,4,4,5,3,5,5,4,5,4,4,5,3,3,2,4,1,1,4,1,1,3,1,1,1,1,1,1,6,6,1,4
93,2,2,1,2,1,4,1,1,1,3,0,0,1,1,4,1,5,4,4,5,5,6,2,4,5,5,5,5,3,5,2,2,2,2,2,2,5,4,2,2,2,2,2,2,2,2,3,3,3,3
94,1,1,1,1,1,4,2,2,2,3,0,0,1,1,2,1,5,5,5,5,5,5,5,5,5,5,5,5,5,5,4,4,4,4,4,4,4,4,4,4,5,5,4,4,4,4,4,4,4,4
95,2,1,1,1,2,4,2,2,2,1,0,0,1,1,2,2,4,4,4,4,4,5,4,5,5,4,5,5,4,5,3,4,3,4,3,3,5,4,3,3,3,3,3,3,3,4,4,4,3,4
96,2,1,1,1,1,4,2,2,2,2,0,0,1,1,1,1,4,5,5,5,5,4,4,4,4,4,5,4,4,4,5,5,6,4,3,3,4,5,3,4,3,3,3,3,3,4,3,4,3,4
97,2,2,1,1,1,3,2,1,2,2,0,0,1,1,2,2,4,4,4,4,4,4,3,3,4,4,5,4,5,4,3,3,3,3,2,2,4,4,2,4,3,3,2,1,1,1,4,4,3,4
98,2,1,1,1,3,3,2,2,2,3,0,1,0,1,1,2,5,5,5,5,5,4,4,4,5,4,5,5,4,4,3,3,3,3,3,3,4,4,3,3,3,3,3,3,3,3,4,4,4,3
99,1,1,1,1,3,1,3,2,4,1,1,0,1,0,1,1,4,4,4,4,4,3,3,4,4,4,5,5,4,4,1,1,1,3,1,1,5,5,2,5,1,1,1,1,3,1,5,5,2,4
100,2,1,1,1,3,4,2,2,4,1,0,0,1,1,1,2,4,4,4,4,4,6,6,6,6,5,5,5,6,6,4,3,3,4,4,4,3,5,3,3,4,4,4,4,4,4,5,5,5,5
101,1,1,1,1,1,4,2,1,2,2,0,0,1,1,2,1,4,4,4,5,4,4,3,5,5,4,5,6,6,6,1,1,1,2,1,1,5,5,2,4,1,1,1,1,1,1,4,4,4,5
102,2,2,1,4,1,3,2,2,2,3,0,0,1,1,2,2,6,6,6,6,6,6,6,6,6,6,6,5,5,6,2,5,3,4,1,2,5,5,2,4,1,1,1,1,1,1,6,6,2,6
103,2,1,1,1,2,4,1,1,3,1,0,1,1,0,1,2,4,4,4,4,4,4,4,4,4,4,4,4,4,4,4,4,4,4,4,4,4,4,4,4,2,2,3,3,3,3,4,4,4,4
104,2,1,1,1,2,4,2,2,2,1,1,0,0,1,2,1,5,5,5,5,5,4,3,4,5,3,5,5,4,4,6,5,6,4,3,4,4,6,4,2,4,4,4,3,5,5,3,3,3,4
105,2,1,1,4,2,3,1,1,3,4,0,1,1,0,2,2,4,4,5,4,4,4,3,4,5,3,4,3,3,4,3,3,3,3,3,3,3,3,2,4,3,3,2,2,2,2,4,4,2,4
106,2,2,1,1,1,3,2,2,2,2,1,0,1,0,2,2,5,5,4,5,5,5,5,5,5,5,5,4,4,5,3,3,3,3,3,3,4,4,3,3,3,3,3,3,3,3,3,3,3,3
107,2,1,1,1,2,4,1,2,2,1,0,1,1,0,1,1,3,4,4,4,4,4,3,5,4,4,4,4,5,5,4,3,4,4,2,1,4,4,3,3,2,2,2,1,2,1,2,2,2,4
108,2,1,1,1,2,4,1,2,3,2,0,1,1,0,1,1,3,3,3,3,3,3,3,3,2,3,2,3,3,3,2,2,2,2,3,2,3,3,3,3,3,3,3,3,3,3,3,3,3,3
109,1,1,1,1,1,3,2,1,6,2,0,0,1,1,1,1,3,3,3,3,3,3,3,4,4,4,4,4,4,4,3,3,3,3,3,3,3,3,3,3,3,4,4,3,3,4,4,4,4,4
110,2,2,1,1,2,4,2,1,2,2,0,0,1,1,1,2,4,4,4,4,4,3,3,3,4,4,4,4,4,4,4,4,4,4,4,4,3,3,4,4,3,4,3,3,3,3,4,4,3,4
111,1,1,1,1,3,4,2,1,2,3,0,0,1,1,2,2,3,3,3,3,3,3,3,3,3,3,3,3,3,3,3,3,2,1,2,1,5,3,4,3,3,3,2,3,1,2,2,2,1,2
112,2,2,1,1,2,4,1,1,3,1,0,1,0,1,1,2,3,3,3,3,3,2,2,2,2,2,2,3,3,3,3,3,3,3,3,3,3,3,3,3,3,3,3,3,3,3,3,3,3,3
113,1,1,1,1,3,3,3,2,3,1,0,1,1,0,2,1,1,1,1,1,1,1,1,1,1,1,1,1,1,1,1,1,1,1,1,1,1,1,1,1,1,1,1,1,1,1,1,1,1,1
114,1,2,1,1,2,4,2,2,2,1,1,0,1,0,2,1,5,5,4,5,5,4,5,6,6,6,5,6,5,5,5,4,5,6,4,5,5,4,5,6,5,5,5,6,4,6,6,5,4,6
115,2,1,1,1,1,3,2,1,3,3,0,0,1,1,1,2,5,5,3,5,5,4,3,5,5,4,4,5,5,5,5,5,5,5,3,3,5,5,5,4,3,3,3,3,3,4,5,5,3,5
116,2,2,2,2,4,4,2,2,2,2,1,0,1,0,2,1,4,4,4,5,5,4,3,4,4,3,5,4,4,5,1,1,1,1,1,1,5,5,2,2,1,1,2,1,1,1,5,4,2,5
117,1,2,2,1,4,4,1,1,1,3,0,0,1,1,2,2,3,3,3,3,3,2,2,2,6,5,6,6,6,6,4,5,5,4,4,4,5,6,4,3,4,4,4,3,3,3,5,5,5,5
118,2,2,2,1,4,4,2,1,3,3,0,0,1,1,2,2,3,2,4,3,3,4,3,3,2,2,2,2,2,2,2,2,3,2,2,2,2,2,2,2,3,2,2,3,2,2,3,2,2,2
119,2,1,1,1,1,4,3,2,2,3,0,0,1,1,1,1,5,4,4,4,4,4,4,4,4,4,4,4,4,4,2,2,2,4,2,2,4,4,3,3,1,1,1,1,1,1,3,2,2,4
120,1,2,1,1,3,3,2,2,4,2,1,0,1,0,4,1,5,5,5,5,5,5,5,5,5,5,5,5,5,5,5,4,4,5,1,2,2,3,2,3,2,2,2,1,1,3,5,5,5,5
121,1,6,2,1,4,4,3,3,4,1,0,1,1,0,2,1,3,2,3,4,3,4,4,5,4,3,4,5,4,5,3,2,3,3,3,2,5,5,4,5,2,1,2,6,4,3,4,6,4,6
122,2,1,1,1,1,2,3,2,3,3,0,0,1,1,1,2,4,4,4,4,4,4,4,4,4,4,4,4,4,4,1,1,1,1,1,1,3,3,3,3,1,1,3,3,3,3,4,4,4,4
123,2,1,1,1,2,3,2,2,2,3,1,0,0,1,1,2,4,4,4,3,3,4,3,4,4,4,4,4,3,3,4,4,4,4,4,4,3,4,4,4,3,3,3,3,3,3,3,4,3,4
124,2,1,1,1,2,4,3,2,3,2,1,0,1,0,2,2,3,3,4,3,3,3,3,3,5,3,5,5,3,4,4,4,4,3,1,3,3,5,4,3,3,2,2,3,4,4,3,3,3,4
125,2,6,4,1,3,4,1,1,1,3,0,1,0,1,3,2,2,2,2,2,2,2,2,2,2,2,2,2,2,2,2,2,2,2,2,2,2,2,2,2,2,2,2,2,2,2,2,2,2,2
126,2,2,4,1,1,4,2,2,2,1,1,0,1,0,2,2,4,4,4,5,4,3,3,4,4,4,5,4,4,4,3,4,4,3,3,3,3,3,4,3,3,3,3,3,3,3,4,4,3,4
127,2,1,1,1,2,4,2,2,4,1,0,0,1,1,1,1,3,3,3,4,3,3,3,3,3,2,4,3,3,4,3,3,5,4,3,4,3,3,3,3,3,3,4,2,3,3,3,4,4,4
128,2,2,1,1,1,4,1,1,2,1,1,1,0,0,2,2,3,3,3,3,5,3,3,4,5,4,5,4,4,4,3,3,3,3,3,3,3,3,3,3,3,2,2,3,3,3,3,4,1,3
129,2,2,1,1,1,4,2,2,3,2,0,0,1,1,1,2,4,4,4,4,4,3,2,3,4,3,5,4,5,5,4,5,5,4,4,4,3,5,4,3,4,5,3,4,3,4,5,5,4,5
130,2,2,1,1,3,4,2,2,2,1,0,0,1,1,1,1,5,5,5,4,5,5,4,5,5,4,6,5,4,4,4,5,4,5,4,4,5,5,4,5,3,3,3,3,3,3,5,5,4,5
131,2,2,1,1,1,4,2,2,3,3,1,0,1,0,2,1,6,6,6,6,6,4,4,6,6,6,6,5,5,5,4,4,4,4,1,3,1,1,3,3,1,1,1,1,1,1,6,6,6,6
132,2,1,1,1,1,4,2,2,3,1,0,0,1,1,1,1,4,4,4,4,4,5,5,5,5,5,5,5,5,5,4,4,4,4,2,5,5,5,2,5,4,4,4,1,1,2,3,4,3,4
133,2,4,2,1,4,4,2,2,4,1,0,1,1,0,2,1,5,5,5,5,5,3,5,5,6,5,5,5,5,5,6,6,6,4,3,3,4,6,3,3,3,4,3,2,2,3,3,5,4,4
134,1,1,1,1,4,3,2,2,4,2,0,0,1,1,2,2,4,3,2,2,1,2,1,3,4,3,5,5,2,2,6,6,6,6,4,6,2,2,6,1,4,3,2,4,5,6,3,4,4,1
135,2,1,1,1,2,4,1,1,3,1,0,1,1,0,1,1,4,4,4,4,4,5,5,5,5,5,5,5,5,5,5,5,5,5,5,5,5,5,5,5,5,5,5,5,5,5,5,5,5,3
136,2,1,1,1,2,3,2,2,2,2,0,1,1,0,3,1,2,2,3,2,2,4,2,3,4,3,3,4,3,4,4,3,3,4,3,3,4,3,3,3,4,4,4,4,2,4,4,3,4,3
137,2,1,1,1,3,4,2,2,4,1,1,0,1,0,2,1,4,3,4,5,4,5,5,5,5,4,5,5,5,5,5,5,4,6,4,5,3,5,4,5,5,4,5,5,6,4,5,5,5,5
138,2,1,1,1,2,4,3,3,3,2,0,0,1,1,1,2,5,5,5,5,5,4,5,5,6,6,6,6,6,6,1,1,1,5,1,1,3,3,2,5,4,4,4,5,5,5,4,4,5,4
139,2,2,1,1,3,4,1,2,2,2,0,1,0,1,1,1,3,3,2,2,2,4,2,3,2,2,3,3,2,2,2,2,3,2,3,2,2,2,2,2,2,2,2,2,2,2,3,3,3,3
140,2,1,1,1,1,3,2,2,3,1,1,0,1,0,2,1,6,6,6,6,6,3,3,5,5,5,5,5,5,5,4,4,3,5,3,3,5,5,3,3,2,2,2,3,2,3,5,5,4,5
141,1,2,2,1,4,3,2,3,2,1,0,0,1,1,1,1,6,6,6,6,6,6,6,6,6,6,6,6,6,6,1,1,1,1,1,1,6,6,1,1,1,1,1,1,1,1,6,6,6,6
142,2,2,1,1,3,4,2,2,3,1,1,0,1,0,4,1,5,4,4,4,4,4,4,5,5,4,4,5,4,5,3,3,3,3,1,3,4,4,3,4,2,2,1,3,2,2,3,4,3,4
143,2,1,1,1,2,4,3,2,3,3,0,0,1,1,1,2,3,3,3,3,4,3,3,4,4,3,4,3,3,3,3,4,4,3,2,2,3,4,3,3,3,3,3,3,2,2,3,3,3,3
144,2,2,2,1,4,4,3,2,4,3,1,0,1,0,1,2,4,4,5,5,5,4,4,4,4,4,5,3,3,3,1,1,1,5,1,1,4,3,3,3,1,1,1,1,1,1,4,4,3,4
145,2,6,2,1,6,4,3,2,4,1,1,0,1,0,2,1,3,5,5,5,5,5,5,5,5,5,5,5,5,5,5,5,5,5,5,5,5,5,5,5,5,5,5,5,5,5,5,5,5,5
146,2,2,1,4,4,2,2,2,2,1,1,0,0,1,2,1,4,4,4,4,4,4,4,4,4,4,4,4,4,4,3,3,3,3,3,3,4,4,3,4,3,3,3,3,3,3,4,4,4,4
147,1,1,1,1,1,4,2,1,1,2,0,1,1,0,2,2,5,6,4,5,5,6,4,5,6,4,5,6,5,6,5,5,5,6,5,6,4,5,6,4,4,5,5,3,3,5,6,6,4,1
148,2,2,2,3,4,4,1,1,4,2,0,0,1,1,2,2,2,2,3,3,2,3,2,2,2,2,2,3,3,2,2,2,2,2,1,1,2,1,1,1,1,2,2,1,1,1,2,2,2,2
149,1,1,1,1,1,4,2,2,4,1,1,0,1,0,2,2,4,5,4,4,4,5,3,4,5,5,5,4,5,5,3,2,2,2,2,2,5,6,3,3,3,3,2,2,2,2,5,5,5,5
150,2,2,1,1,3,4,2,1,3,1,0,0,1,1,2,1,3,3,4,2,3,2,3,2,3,2,2,2,3,3,3,2,1,1,2,2,2,3,2,3,4,5,5,4,3,3,2,3,4,4
151,2,2,2,1,4,4,2,2,4,1,1,0,0,1,1,1,4,4,4,4,4,4,3,4,4,4,4,4,3,4,1,2,6,3,2,2,3,4,3,3,3,3,3,3,3,3,3,4,3,4
152,2,6,4,1,1,3,1,2,4,1,1,0,1,0,2,1,3,3,3,3,3,4,4,4,4,3,4,3,3,4,5,5,5,5,4,3,3,3,5,3,3,4,3,3,3,3,5,4,1,3
153,2,1,1,1,2,3,2,1,2,1,1,0,1,0,1,1,5,5,4,5,4,6,4,5,6,4,6,6,3,4,3,3,5,4,3,4,4,6,3,5,5,3,2,3,3,3,4,5,3,4
154,1,2,1,1,1,3,2,2,1,1,0,0,1,1,2,1,6,6,5,5,4,4,4,5,5,5,6,5,5,6,6,5,5,5,5,4,5,6,5,3,3,2,1,1,2,4,4,4,3,5
155,2,1,1,1,3,4,1,1,1,2,0,0,1,1,1,2,4,4,6,4,4,6,5,6,6,5,6,6,6,6,1,1,1,6,3,3,6,6,4,2,1,1,1,3,3,3,6,6,3,3
156,2,2,1,1,2,4,2,2,2,1,0,0,1,1,2,2,4,4,4,4,4,3,3,4,5,4,5,4,3,4,4,5,5,3,4,2,4,4,3,3,2,2,3,2,2,2,4,4,2,4
157,1,1,1,1,3,4,3,3,3,2,0,0,1,1,2,1,5,5,5,5,5,6,6,6,6,6,6,6,6,6,2,2,2,2,2,2,3,3,2,2,3,3,3,2,3,3,4,4,4,4
158,1,6,2,1,7,4,2,1,4,3,0,1,1,0,1,1,4,4,4,4,4,4,4,4,4,4,5,5,4,4,3,3,3,3,3,3,3,4,3,4,3,2,2,4,2,3,4,4,3,3
159,1,1,1,1,2,4,3,2,2,2,0,0,1,1,2,2,4,4,4,5,4,4,4,4,3,3,4,4,3,5,3,4,4,4,3,5,3,3,5,5,4,4,4,4,3,4,4,6,3,3
160,1,1,2,1,4,4,4,3,3,1,1,0,1,0,2,2,5,5,5,5,5,5,5,5,6,6,6,5,5,5,2,2,2,2,2,1,6,6,1,4,3,3,3,1,1,1,4,4,2,2
161,2,1,1,1,2,4,3,2,3,1,0,0,1,1,1,1,4,5,4,4,4,4,3,4,5,4,6,5,4,5,2,2,2,2,2,2,3,3,1,1,2,2,2,2,2,2,4,4,2,4
162,1,6,2,1,7,4,3,2,5,3,0,0,1,1,1,1,5,5,4,4,4,5,4,5,5,4,5,4,4,4,4,4,4,4,3,2,2,4,3,3,3,3,3,3,3,3,3,3,3,4
163,1,1,1,1,2,4,2,2,3,1,0,0,1,1,1,1,2,1,4,2,3,1,1,4,6,4,6,2,1,1,1,3,6,2,1,2,4,6,4,3,1,1,2,6,6,6,3,1,1,5
164,2,6,2,1,7,4,5,3,4,3,0,0,1,1,1,1,4,4,4,4,3,3,3,3,3,3,3,3,3,3,5,5,5,4,4,4,4,4,3,4,3,3,3,4,4,5,3,3,3,3
165,1,2,1,5,1,3,2,2,2,2,0,0,1,1,2,2,3,2,4,3,3,4,3,5,4,3,4,4,3,4,3,3,3,3,3,3,4,4,3,3,2,3,2,2,2,2,4,4,2,3
166,2,1,1,1,1,4,3,2,2,2,0,0,1,1,4,2,4,4,4,4,4,4,4,5,5,4,5,5,4,5,4,4,4,4,3,3,4,3,4,3,3,3,4,3,4,4,4,4,3,4
167,1,1,1,2,2,3,3,3,2,1,0,0,1,1,2,1,3,5,5,5,5,5,4,5,5,5,5,5,5,5,2,4,4,3,4,3,4,6,2,4,2,2,2,2,2,2,5,5,2,5
168,2,2,2,1,4,4,3,3,3,1,0,0,1,1,4,2,2,2,3,3,3,3,3,3,3,4,3,3,3,3,4,4,4,4,4,3,3,3,3,3,3,4,4,3,3,4,3,3,4,3
169,1,1,1,2,3,4,1,1,4,1,0,1,1,0,2,2,4,4,5,5,5,5,5,5,5,5,5,5,4,5,3,3,3,3,3,3,4,4,3,3,4,4,4,3,3,3,4,4,3,4
170,1,2,1,2,2,4,1,2,2,1,0,0,1,1,1,2,4,3,4,4,3,5,4,5,5,5,5,5,5,5,3,3,4,2,2,2,5,5,3,5,2,2,2,2,2,2,4,5,2,4
171,2,1,1,1,1,3,2,1,3,2,1,0,1,0,2,2,4,4,3,6,6,6,6,6,5,6,6,6,5,6,6,6,6,4,4,4,6,6,3,4,5,6,4,2,3,2,6,6,2,6
172,2,1,1,1,2,4,3,3,2,1,0,0,1,1,1,1,4,4,5,4,4,4,5,5,5,5,5,5,5,4,1,1,1,2,2,2,4,4,4,4,5,5,5,5,3,5,4,4,4,4
173,2,1,1,1,2,4,2,2,3,3,1,0,1,0,1,2,5,4,5,5,5,4,4,5,5,5,6,6,5,5,5,5,5,5,4,4,5,5,4,3,5,4,4,5,4,4,5,5,5,5
174,1,1,1,1,2,4,1,1,2,3,0,1,1,0,1,1,6,6,3,6,6,2,1,3,6,4,6,2,3,6,6,6,6,6,2,3,2,6,6,2,6,6,1,1,1,4,6,6,1,6
175,2,1,1,1,2,4,2,2,2,2,1,0,0,1,2,1,5,5,4,5,5,4,3,4,5,4,5,4,4,4,3,4,4,3,3,3,3,5,3,3,3,3,3,4,2,2,4,4,2,4
176,1,1,1,1,1,4,3,3,3,3,0,0,1,1,2,2,5,4,5,5,4,4,5,4,5,4,5,5,4,5,5,5,5,5,5,4,5,4,5,5,4,5,3,5,5,6,4,5,5,6
177,2,2,1,3,1,4,1,2,3,2,0,0,1,1,2,1,3,3,3,3,3,4,4,4,4,4,4,4,4,4,3,3,3,2,2,2,4,4,3,3,2,2,2,2,2,2,3,3,3,3
178,2,2,1,1,3,4,2,2,2,1,1,0,1,0,2,1,5,5,4,5,4,6,6,6,5,6,5,5,5,5,3,4,4,4,4,4,5,4,4,4,1,1,1,1,1,1,4,4,2,5
179,2,1,1,1,2,4,1,2,2,3,1,0,0,1,1,1,5,5,5,5,5,5,5,5,6,4,5,3,3,4,6,6,6,6,6,6,6,6,3,6,3,3,3,3,3,3,5,5,4,5
180,1,1,1,1,3,4,2,2,3,2,0,1,0,1,1,2,5,5,5,6,6,6,5,5,6,5,6,5,4,5,4,4,4,3,3,2,5,5,2,4,2,2,2,2,2,2,4,5,4,5
181,2,1,1,1,2,4,3,2,3,3,0,1,1,0,3,1,4,4,4,4,4,4,4,4,4,4,4,4,4,4,5,4,3,3,3,3,4,4,4,4,4,4,4,3,3,3,4,4,4,4
182,2,2,1,1,3,4,3,2,2,1,0,0,1,1,1,1,3,2,3,3,4,4,3,4,1,3,4,4,4,4,1,1,1,1,1,1,3,3,2,3,3,2,2,2,2,2,3,3,3,3
183,2,1,1,1,1,4,2,2,3,1,1,1,0,0,2,1,4,4,4,4,4,4,4,4,4,4,4,4,4,4,3,3,3,3,3,3,4,4,3,4,3,3,3,3,3,3,4,4,3,4
184,1,1,1,1,1,3,2,2,2,1,0,0,1,1,2,2,4,4,4,4,4,3,2,4,5,4,4,4,3,4,4,4,5,5,1,5,4,4,4,3,3,3,4,2,4,5,4,5,4,3
185,1,2,1,1,2,4,2,2,2,2,0,1,0,1,1,2,3,4,3,4,5,5,4,5,4,3,4,4,5,4,4,3,4,4,5,4,4,3,4,4,3,2,4,3,4,5,5,4,4,4
186,2,2,1,1,3,4,2,1,4,1,1,0,1,0,1,2,3,2,2,2,2,2,2,2,2,2,2,2,2,2,5,5,5,5,2,4,3,3,4,2,3,3,3,3,3,3,3,3,3,3
187,1,1,1,3,3,4,3,2,3,2,0,0,1,1,2,1,3,3,4,4,4,4,3,4,5,4,5,5,4,4,3,4,3,3,4,4,4,4,3,4,4,3,4,4,3,3,4,5,4,4
188,1,1,1,1,3,3,2,1,4,2,1,0,1,0,2,2,5,4,5,5,4,5,4,6,5,5,5,6,4,6,6,4,5,5,4,6,5,4,6,5,5,5,5,6,5,6,5,4,5,4
189,1,2,1,1,3,4,2,2,2,1,0,0,1,1,1,2,3,4,4,3,4,4,2,4,4,5,4,4,3,4,4,5,4,3,2,2,4,4,3,3,3,2,2,3,2,2,4,3,2,4
190,1,2,1,1,3,4,2,2,2,1,0,0,1,1,2,2,5,5,5,5,5,5,5,5,5,5,5,5,5,5,5,5,5,5,3,3,5,5,5,5,4,4,4,5,4,4,4,4,4,4
191,1,1,1,1,1,4,2,2,3,1,0,0,1,1,2,2,4,4,4,5,4,5,4,5,5,4,5,5,4,5,1,1,1,2,2,2,6,6,2,4,2,1,3,1,1,1,4,4,4,4
192,1,1,1,1,1,4,3,2,2,2,1,0,1,0,1,2,4,4,4,5,5,5,4,5,5,5,5,5,4,4,2,3,3,3,2,2,3,5,3,3,2,2,2,3,2,2,3,4,3,4
193,2,1,1,1,2,4,1,2,1,2,0,1,0,1,2,1,5,5,5,5,5,6,5,6,5,5,5,6,5,5,1,1,1,1,1,1,5,5,2,5,2,2,2,1,1,1,5,5,4,5
194,2,1,1,6,2,4,3,3,2,1,0,0,1,1,1,2,2,2,3,3,3,2,2,2,4,4,4,3,3,3,2,2,2,3,3,3,3,3,3,2,3,3,2,2,2,2,4,4,3,3
195,2,3,2,1,5,4,2,2,3,1,1,0,1,0,2,2,5,5,5,5,5,5,4,5,5,5,5,5,5,5,5,5,5,4,4,4,4,2,3,3,2,2,2,2,2,2,4,4,4,4
196,2,4,2,1,5,2,4,4,3,2,1,0,1,0,1,1,4,5,4,5,5,4,4,4,4,4,6,4,4,4,3,3,3,4,1,1,3,5,3,3,2,2,2,1,1,1,4,4,1,5
197,2,2,2,1,4,4,2,2,2,2,0,0,1,1,1,1,5,5,5,5,5,5,4,3,4,5,6,4,4,3,4,4,4,6,3,3,6,6,5,3,1,1,1,1,1,1,4,4,4,4
198,1,1,1,1,3,4,3,2,3,1,0,1,0,1,1,2,3,3,3,4,4,4,3,4,5,4,4,4,4,5,3,3,3,2,3,3,4,4,4,4,4,3,4,3,3,3,4,4,4,4
199,2,1,1,1,3,4,2,2,1,1,0,0,1,1,2,2,5,5,5,5,5,4,4,5,6,5,5,4,4,4,3,4,4,3,3,3,4,6,4,3,4,3,3,3,3,3,4,4,3,5
200,2,5,4,4,3,2,3,5,3,1,1,0,1,0,2,1,3,3,3,4,4,4,3,5,4,4,4,4,4,4,4,4,4,3,3,3,4,4,4,4,3,3,2,4,2,2,4,4,3,3
201,1,2,1,1,1,3,2,2,3,3,1,0,1,0,2,2,3,3,3,3,3,4,3,5,5,4,5,4,4,4,5,4,5,4,3,3,3,3,4,3,3,3,3,3,3,3,3,4,3,3
202,1,1,1,1,2,3,1,1,3,1,0,0,1,1,2,2,4,4,5,3,4,5,6,5,5,6,5,5,6,6,5,4,5,6,5,4,5,6,5,6,6,5,4,5,5,6,6,5,3,6
203,1,2,1,1,1,4,2,2,1,2,0,0,1,1,1,2,4,5,3,4,5,4,1,2,5,4,4,4,4,5,6,6,6,5,4,4,4,4,4,4,5,4,4,4,4,5,4,4,4,4
204,1,1,1,3,1,3,3,3,3,3,0,1,1,0,2,1,5,5,4,5,5,4,4,4,4,5,5,5,4,5,3,3,3,4,3,4,4,4,4,3,2,2,2,1,1,3,3,4,2,4
205,2,2,1,3,1,4,2,2,2,2,0,0,1,1,4,1,6,6,6,6,6,4,3,4,5,4,5,5,5,6,4,5,4,6,3,3,4,4,4,5,4,4,4,4,4,4,5,5,5,5
206,2,1,1,1,2,1,2,2,1,2,0,0,1,1,1,2,5,3,5,5,5,3,2,2,5,3,5,5,3,5,3,3,4,4,3,3,4,4,3,3,3,3,3,3,3,4,3,4,2,4
207,2,2,1,1,1,4,2,2,4,3,0,0,1,1,2,1,3,3,4,4,4,3,3,4,3,3,4,4,3,4,3,3,4,1,1,1,3,6,2,3,1,1,1,1,3,3,4,2,1,4
208,1,1,1,4,3,3,3,2,2,1,1,0,0,1,2,1,5,5,4,4,4,1,1,1,4,3,5,3,3,4,1,2,2,2,2,2,5,5,2,5,2,2,2,1,1,2,4,5,2,4
209,2,2,1,4,1,4,1,1,2,4,0,0,1,1,4,1,4,4,4,5,4,4,3,4,4,4,4,3,3,4,3,2,1,3,3,2,2,2,2,3,3,3,3,2,2,2,4,4,2,4
210,2,2,1,4,1,4,2,1,2,3,0,0,1,1,2,2,4,3,3,4,3,4,3,4,4,4,4,4,3,5,1,3,2,1,1,1,6,6,1,5,1,1,1,1,1,1,6,1,2,5
211,2,1,1,4,1,3,2,2,3,3,1,0,1,0,2,2,5,5,5,5,5,6,4,5,6,6,6,5,3,4,2,1,2,2,1,1,5,5,1,4,1,1,1,4,3,2,5,5,2,5
212,1,2,1,1,3,4,2,1,3,1,0,0,1,1,2,2,3,5,5,5,3,2,2,2,5,3,3,3,3,5,5,5,5,2,2,3,3,1,3,3,2,3,2,5,2,2,3,3,1,4
213,2,1,1,4,1,4,3,3,3,3,0,0,1,1,2,2,4,4,5,5,5,5,4,6,5,4,5,3,3,3,1,1,1,1,1,1,6,6,2,2,2,4,2,1,1,2,3,4,3,4
214,2,1,1,4,2,4,3,2,2,1,0,0,1,1,2,2,3,3,4,5,5,5,4,5,5,5,5,5,4,5,2,2,2,2,2,2,5,5,1,4,2,2,2,2,2,2,5,5,1,5
215,1,1,1,1,1,4,2,1,5,1,1,0,1,0,2,2,4,4,5,5,5,5,5,5,5,5,5,5,5,5,5,5,5,2,2,2,5,5,2,5,4,3,3,5,5,5,5,5,3,5
216,2,1,1,1,1,4,2,2,2,2,1,0,1,0,2,1,4,4,4,4,4,4,4,4,4,4,4,4,4,4,4,4,4,4,4,4,4,4,4,4,4,4,4,4,4,4,4,4,4,4
217,1,2,1,1,1,4,1,1,4,3,1,0,1,0,2,2,3,3,1,1,4,1,1,2,3,2,3,3,3,4,6,6,6,5,3,5,3,1,5,2,3,5,4,5,2,4,3,3,1,1
218,1,1,1,1,1,3,1,1,4,3,1,0,1,0,2,2,4,4,1,1,4,4,4,4,4,4,4,5,4,4,2,3,4,4,3,3,4,3,4,4,4,4,2,4,4,4,4,4,2,4
219,1,1,1,1,1,3,2,2,2,1,1,0,1,0,2,2,4,4,4,4,4,4,4,4,4,4,4,4,4,4,3,4,4,4,4,4,4,4,4,4,4,4,4,4,4,4,4,4,4,4
220,1,3,2,1,4,4,1,1,4,1,1,0,1,0,2,2,4,3,4,3,3,3,4,3,4,4,4,3,4,3,3,4,3,3,3,3,4,4,4,4,3,3,3,4,3,3,4,3,3,4
221,1,1,1,1,1,1,1,1,1,1,1,1,0,0,1,1,1,2,2,2,2,3,4,3,3,3,2,3,3,2,4,3,2,2,1,4,4,3,4,3,1,1,1,1,2,2,2,3,4,5
222,1,2,1,1,3,4,3,3,3,1,0,1,1,0,3,1,2,3,2,3,3,3,3,3,3,3,3,2,2,3,3,2,3,4,3,4,3,4,3,4,2,3,3,3,4,3,4,3,4,4
223,1,2,1,1,3,4,3,2,3,1,0,0,1,1,2,2,4,4,4,3,4,3,2,4,5,4,5,5,3,5,4,4,5,3,4,3,5,5,4,4,4,6,4,5,4,4,3,3,3,4
224,1,4,2,1,4,4,2,1,4,2,0,1,1,0,2,2,4,4,4,4,4,5,5,5,4,5,4,5,5,4,4,4,5,4,2,2,5,5,4,4,2,2,2,4,2,2,4,4,2,4
225,2,1,1,1,1,4,2,2,1,1,0,0,1,1,2,2,5,5,5,5,6,5,4,5,5,5,5,5,6,6,2,2,2,3,1,1,5,5,2,4,2,1,1,2,2,2,4,5,3,6
226,1,2,1,1,3,4,2,2,4,1,0,0,1,1,2,1,6,6,6,6,6,5,5,5,5,5,5,5,5,5,5,5,5,6,5,2,4,4,6,6,5,5,6,6,5,5,6,6,5,5
227,1,2,1,1,3,4,3,2,3,1,0,0,1,1,2,1,3,4,4,3,4,3,2,2,4,3,5,4,3,4,3,3,3,3,2,2,3,6,3,2,3,2,2,2,2,3,3,4,2,3
228,1,1,1,1,2,4,2,2,2,1,0,1,0,1,2,2,5,5,5,5,5,5,5,5,5,5,5,5,5,5,5,5,5,5,5,5,5,5,5,5,5,5,5,5,5,5,5,5,5,5
229,1,1,1,1,3,4,3,2,1,1,0,0,1,1,1,1,3,3,3,3,3,2,2,2,2,2,2,2,2,2,3,3,3,3,3,3,5,5,6,6,4,4,2,2,4,2,4,5,1,4
230,1,1,1,1,1,1,1,1,1,4,0,0,1,1,1,2,3,3,3,3,3,3,3,3,3,3,3,3,3,3,3,3,3,3,3,3,3,3,3,3,3,3,3,3,3,3,3,3,3,3
231,2,6,2,1,4,3,1,2,3,1,0,1,1,0,1,1,1,1,1,1,1,2,2,1,1,1,1,1,1,1,3,3,3,3,2,2,6,6,2,6,1,1,2,2,2,2,6,6,6,6
232,1,2,1,1,3,4,2,2,3,1,1,0,1,0,1,1,4,4,4,4,4,6,4,6,5,5,5,5,5,4,5,5,5,5,4,5,5,6,5,6,5,4,5,5,6,5,5,4,5,4
233,2,1,1,1,1,4,2,2,3,1,0,0,1,1,2,1,6,6,5,5,6,4,4,5,5,5,6,5,6,4,5,4,5,6,3,2,6,6,5,3,2,2,1,2,2,4,4,5,1,6
234,1,1,1,3,3,3,3,2,2,1,0,0,1,1,2,2,3,3,3,3,3,3,3,5,4,3,3,4,4,4,3,2,2,2,2,2,4,4,3,4,1,1,1,1,1,1,4,4,3,4
235,1,1,1,1,3,4,3,2,3,2,0,0,1,1,1,1,4,3,3,3,3,4,3,3,3,3,3,4,4,4,3,3,3,3,3,4,5,5,3,3,3,3,4,3,3,3,4,5,3,5
236,1,2,2,1,6,4,2,2,4,2,0,0,1,1,2,2,3,3,3,3,3,4,3,3,4,3,4,3,3,4,5,5,5,5,5,5,3,3,5,2,3,3,3,3,3,5,3,3,3,3
237,1,1,1,1,4,4,2,2,2,2,0,0,1,1,2,2,3,3,3,3,3,3,3,3,3,3,3,3,3,3,1,1,1,1,1,1,3,3,1,1,1,1,1,1,1,1,4,4,4,3
238,2,2,1,1,3,4,1,2,3,1,0,0,1,1,2,1,4,5,5,4,5,4,2,3,4,3,4,4,5,5,4,5,5,5,3,5,3,5,2,3,3,4,2,4,3,4,5,4,5,6
239,2,5,4,1,1,4,3,2,3,1,0,1,1,0,2,1,4,4,4,4,5,5,4,5,4,4,5,4,4,4,4,4,4,4,1,2,4,4,4,4,3,3,3,3,1,2,4,5,4,4
240,2,6,2,1,3,4,2,2,6,2,1,0,1,0,2,2,3,3,3,3,3,3,3,3,3,3,4,4,3,4,3,3,3,3,3,3,3,3,3,3,1,1,1,3,5,3,3,3,3,3
241,2,3,3,3,4,3,3,1,4,2,0,0,1,1,2,1,4,4,4,4,4,4,4,4,4,4,4,4,4,4,4,4,4,4,4,4,4,4,4,6,3,3,3,3,3,3,4,4,4,6
242,2,1,1,1,3,4,1,1,4,3,1,0,0,1,1,2,4,3,4,4,5,4,3,4,5,4,4,3,3,5,3,3,5,4,2,2,2,4,3,3,3,4,3,2,3,3,3,3,2,3
243,1,4,2,1,6,4,4,5,4,1,0,1,1,0,1,2,6,6,6,6,6,6,6,6,6,6,6,6,6,6,6,6,6,6,6,6,6,6,6,6,6,6,6,6,6,6,6,6,6,6
244,2,4,4,1,6,4,2,3,4,1,0,0,1,1,1,1,5,5,5,5,5,5,5,5,5,5,5,5,5,5,2,2,2,2,2,2,5,5,2,5,2,2,2,2,2,2,5,5,5,5
245,1,1,1,1,1,3,2,2,3,3,0,0,1,1,1,2,4,4,4,4,4,5,4,4,5,4,4,6,3,5,3,3,3,4,2,2,5,6,3,3,3,3,3,2,3,3,4,4,3,5
246,2,1,1,1,1,3,1,1,1,2,0,0,1,1,1,2,5,5,5,5,5,5,4,5,5,5,5,5,5,5,1,1,5,1,1,1,5,6,2,5,1,1,1,3,2,1,4,4,3,5
247,2,6,2,1,3,4,2,2,4,2,0,1,1,0,2,1,3,3,3,3,3,3,3,3,4,4,4,4,4,4,3,3,3,4,2,2,3,3,3,3,1,1,1,1,1,1,4,4,4,4
248,2,1,1,1,1,4,1,2,2,2,0,0,1,1,1,2,5,6,6,6,6,6,3,5,4,4,6,3,3,4,3,6,3,3,1,1,4,5,2,4,4,3,1,2,1,1,4,4,1,3
249,2,2,1,1,2,4,3,3,3,1,1,0,1,0,1,1,4,3,3,3,4,4,3,4,4,3,4,4,3,4,3,3,4,3,2,3,2,3,3,2,2,2,2,2,2,2,3,3,1,2
250,2,2,1,1,1,4,1,2,3,3,0,0,1,1,1,2,3,3,3,3,3,1,3,3,3,3,3,3,3,3,4,4,4,5,3,4,4,3,4,3,3,4,3,4,3,3,3,3,3,3
251,1,1,1,1,1,4,2,2,2,1,0,0,1,1,1,1,5,5,6,6,6,6,4,6,6,4,6,4,3,4,4,5,4,4,2,3,5,5,4,3,4,3,3,3,1,2,4,5,3,5
252,2,1,1,1,1,4,2,3,3,2,0,0,1,1,1,1,3,3,3,3,3,3,3,3,3,3,3,3,3,3,3,3,3,3,3,3,3,3,3,3,3,3,3,3,3,3,3,3,3,3
253,2,1,1,1,2,4,1,2,1,1,0,0,1,1,1,1,3,3,4,4,4,5,4,6,4,4,4,4,4,4,3,3,3,3,3,2,4,6,3,4,3,3,3,3,2,2,4,5,2,4
254,2,1,1,1,2,4,2,2,3,2,1,0,1,0,1,1,3,3,3,3,3,3,3,3,3,3,3,3,3,3,3,3,3,3,3,3,3,3,3,3,3,3,3,3,3,3,3,3,3,3
255,2,6,2,1,4,3,3,2,4,2,1,0,1,0,2,1,4,4,4,4,4,5,3,5,4,4,5,5,5,5,3,3,3,4,4,4,4,4,3,3,2,2,2,3,3,3,3,3,3,3
256,2,1,1,1,1,4,2,2,2,1,1,0,1,0,1,1,5,5,4,5,5,4,4,4,5,5,5,5,4,5,3,4,4,3,2,2,5,6,3,5,3,2,2,3,4,4,4,5,3,5
257,2,2,1,1,1,3,2,2,3,3,1,0,1,0,1,1,5,5,4,5,5,4,4,4,5,5,5,5,5,5,3,3,5,5,4,5,5,5,4,3,4,4,5,4,3,4,5,5,5,5
258,1,1,1,1,2,4,2,2,2,1,0,0,1,1,1,1,1,1,1,1,1,1,1,1,1,1,1,1,1,1,2,2,1,1,2,3,2,2,2,2,2,2,1,2,2,1,2,3,2,2
259,2,1,1,1,2,4,2,2,3,1,0,0,1,1,1,1,3,3,3,3,3,3,3,3,3,3,3,3,3,3,4,4,5,3,3,3,2,2,3,3,3,3,2,2,2,1,2,2,1,3
260,2,1,1,1,3,4,3,2,3,2,1,0,1,0,2,2,4,3,4,3,4,3,3,3,4,3,3,3,4,3,3,4,4,4,4,3,4,3,3,3,3,4,4,4,4,4,4,4,4,5
261,2,1,1,1,1,1,3,2,3,1,1,0,0,1,1,1,6,6,6,6,6,6,6,6,6,5,6,5,5,5,1,1,1,1,1,1,6,6,1,6,1,1,1,1,1,1,5,5,5,5
262,2,2,1,1,3,4,2,1,3,2,0,1,0,1,1,2,5,5,5,5,5,4,4,4,4,4,4,4,4,4,4,4,4,4,4,4,4,4,4,4,2,2,2,2,2,2,4,4,4,4
263,2,1,1,1,3,4,1,1,5,2,0,0,1,1,1,2,3,3,3,3,3,4,4,4,3,3,3,3,3,3,3,3,3,3,3,3,3,3,3,3,3,3,3,3,3,3,3,3,3,3
264,2,1,1,1,3,4,3,1,2,2,0,0,1,1,1,2,3,3,3,3,3,3,3,3,5,4,5,3,3,3,3,3,3,4,4,4,3,3,3,3,3,3,3,3,3,3,3,3,3,3
265,1,2,1,1,3,4,3,2,4,1,1,0,1,0,2,1,4,4,4,4,3,4,4,4,4,4,3,4,3,4,3,3,6,5,3,4,4,3,4,5,3,4,4,4,3,5,3,4,3,4
266,2,1,1,1,1,3,2,2,2,2,0,0,1,1,2,1,3,3,3,3,3,5,3,3,3,4,4,3,3,3,3,4,3,6,3,5,3,1,3,3,3,3,3,3,3,3,3,3,3,3
267,2,1,1,1,2,4,2,2,3,1,1,0,1,0,2,1,1,1,1,1,1,1,1,1,1,1,1,1,1,1,4,4,4,4,4,4,4,4,4,4,4,4,4,4,4,4,4,4,4,4
268,1,2,2,1,4,4,2,3,4,1,0,1,1,0,2,2,3,4,3,2,3,4,3,5,3,6,4,4,5,3,3,2,5,3,6,5,4,3,4,2,1,3,2,2,1,3,6,4,3,5
269,2,1,1,1,3,2,2,2,2,2,0,0,1,1,1,2,5,5,5,5,5,6,6,6,6,6,6,6,5,5,6,6,6,6,5,3,6,6,5,3,1,3,1,1,2,5,5,3,3,4
270,1,1,1,1,2,4,2,2,2,1,1,0,1,0,1,1,3,3,2,2,3,2,3,3,1,3,1,1,3,1,4,3,4,4,4,4,2,2,3,3,5,5,5,5,5,5,2,2,4,2
271,2,1,1,1,2,4,2,2,3,2,1,0,1,0,1,1,5,5,6,5,5,6,4,6,6,4,5,6,4,4,4,6,6,5,2,3,5,6,4,3,4,3,3,3,1,4,4,5,5,5
272,2,1,1,1,2,3,2,1,2,2,0,0,1,1,1,2,4,3,4,4,5,4,3,5,5,4,3,4,4,4,4,5,4,5,4,3,4,4,3,3,3,3,3,3,4,4,4,5,4,3
273,2,1,2,6,3,1,1,1,3,3,0,1,0,1,3,2,1,1,2,2,1,1,1,1,1,1,1,1,1,1,3,4,2,3,4,3,3,4,4,3,3,3,2,3,4,4,3,2,3,4
274,2,6,1,6,7,1,5,5,6,4,1,0,0,1,2,2,4,2,4,3,5,4,5,3,5,3,5,3,4,6,3,2,4,2,3,1,4,4,3,6,1,2,1,2,4,4,3,4,3,4
275,2,2,1,3,3,4,3,2,3,2,0,0,1,1,2,2,4,4,4,5,5,5,5,5,5,4,5,5,5,6,1,1,1,1,1,1,5,5,1,5,1,1,1,1,1,5,4,4,1,4
276,2,1,1,1,1,4,2,2,3,2,0,0,1,1,1,2,6,5,6,6,6,6,5,6,6,6,6,5,4,5,4,4,4,5,1,4,5,6,4,5,4,4,4,5,2,5,4,6,4,6
277,1,1,1,1,4,2,2,2,2,1,1,0,0,1,2,2,3,3,3,3,3,3,3,3,3,3,3,3,3,3,3,3,3,4,5,4,4,4,4,4,3,4,3,3,3,3,3,3,3,3
278,1,1,1,1,2,4,1,2,2,2,0,0,1,1,3,1,6,6,5,5,5,4,3,4,5,5,5,5,4,4,5,5,5,5,2,3,5,4,4,3,5,5,5,2,3,5,5,5,3,4
279,2,1,1,3,2,3,2,2,2,2,0,0,1,1,2,2,4,3,4,4,4,5,3,5,5,5,5,5,5,5,4,5,4,4,2,2,5,5,3,3,3,3,3,3,3,3,3,3,3,3
280,2,1,1,1,2,2,2,2,4,1,1,0,1,0,2,1,4,4,4,5,4,4,5,4,5,5,4,5,4,3,4,5,5,4,5,5,5,4,5,4,4,4,4,5,4,4,5,5,4,4
281,2,1,2,3,4,4,1,1,4,1,1,1,0,0,1,1,3,3,3,3,3,5,5,5,5,5,5,5,5,5,4,4,4,4,4,4,4,4,4,4,3,3,3,3,3,3,3,3,3,3
282,2,2,1,2,2,2,2,2,2,2,0,1,0,1,3,1,5,5,4,5,4,4,5,4,5,5,4,4,5,6,4,5,4,5,4,5,5,4,5,4,5,5,5,6,5,4,4,5,5,6
283,2,3,2,2,2,2,3,2,1,2,0,1,0,1,2,1,5,4,5,5,4,5,4,4,5,5,4,5,4,3,4,5,4,5,4,6,6,4,6,4,4,5,4,6,4,5,6,4,5,5
284,2,4,3,1,2,3,2,2,4,2,1,1,0,0,2,1,4,3,4,4,4,6,5,5,4,4,5,4,3,4,4,3,4,4,4,5,5,4,4,5,4,4,4,6,5,5,5,4,5,4
285,2,2,3,3,4,3,3,3,4,2,1,1,0,0,1,1,4,4,3,4,4,3,4,5,3,4,3,4,3,4,3,4,2,4,4,4,3,4,4,3,3,3,4,5,6,6,6,5,5,4
286,1,3,2,2,4,4,4,3,4,1,1,0,1,0,2,1,6,6,6,6,6,5,5,5,5,5,5,6,6,6,2,4,3,3,3,3,6,6,6,6,3,3,4,2,3,4,5,5,4,4
287,2,2,1,1,2,2,3,2,5,4,0,1,1,0,4,1,3,4,5,5,6,6,5,5,5,4,4,5,4,5,4,3,4,5,3,5,5,6,6,4,6,5,5,5,3,4,5,4,5,5
288,1,2,2,2,1,1,3,2,4,3,1,1,0,0,3,1,5,4,3,3,3,4,2,2,2,2,3,3,2,2,4,4,3,4,3,3,4,3,4,6,3,4,3,3,3,4,4,4,3,2
289,1,4,2,1,6,4,2,2,5,2,0,1,1,0,2,1,3,4,5,5,5,6,6,6,5,6,5,5,4,4,4,5,5,6,5,5,5,4,4,5,4,2,4,6,5,5,5,3,4,4
290,2,4,2,4,3,3,3,3,3,2,1,0,1,0,1,1,5,4,5,5,5,5,6,5,6,4,5,6,4,5,4,4,5,5,4,4,5,4,5,4,5,4,5,5,4,4,5,4,5,5
291,2,2,2,2,1,3,1,3,3,3,1,1,0,0,3,1,5,4,4,4,4,3,4,5,3,4,4,3,3,5,4,4,5,5,4,4,4,4,5,3,4,3,4,4,3,4,4,3,4,3
292,2,2,3,2,2,3,3,2,4,1,1,0,1,0,1,1,2,4,4,3,3,3,4,4,5,4,4,4,5,5,3,4,4,5,6,6,4,4,4,5,3,4,6,6,5,6,5,5,5,4
293,1,4,2,3,7,2,2,2,4,3,1,1,0,0,2,1,4,5,4,5,5,6,5,5,5,6,5,4,5,5,4,4,3,3,3,3,3,4,4,4,4,3,3,5,4,5,4,5,5,4
294,2,2,1,1,3,1,3,3,3,2,1,0,1,0,2,2,5,4,5,5,5,5,5,4,4,5,6,6,5,4,3,4,6,6,5,4,4,5,4,6,6,5,5,6,6,5,5,6,5,5
295,1,5,2,2,7,4,2,2,5,2,1,1,0,0,2,1,4,3,4,4,4,6,5,5,4,5,5,3,4,4,4,4,3,5,6,5,5,4,4,5,4,3,4,4,3,3,3,4,4,4
296,1,2,1,3,2,4,3,2,2,1,0,0,1,1,1,1,5,5,5,5,5,4,4,4,4,4,4,3,4,4,2,3,2,2,3,2,5,5,5,5,2,2,2,3,3,3,5,5,5,5
297,1,2,1,2,2,1,2,1,2,3,0,1,1,0,2,1,5,4,5,4,4,4,5,4,4,5,4,5,4,4,5,4,4,5,6,5,5,6,6,5,6,5,4,5,6,5,5,6,5,5
298,1,4,2,1,6,4,1,2,4,1,1,1,0,0,2,1,5,4,5,4,5,5,6,6,5,4,4,4,5,5,5,4,3,4,5,5,5,5,4,4,3,3,3,4,3,4,4,5,4,4
299,2,2,2,1,4,3,2,4,3,1,0,0,1,1,1,2,4,3,3,4,5,4,4,3,4,3,3,4,3,3,2,2,3,4,2,2,5,5,4,4,2,2,3,2,3,4,3,5,4,5
300,1,2,2,2,2,2,2,1,4,1,0,1,1,0,1,1,6,5,4,5,5,5,5,5,5,5,4,4,5,6,4,5,6,5,4,4,4,4,4,5,4,3,3,5,4,4,4,5,5,5
301,2,6,4,3,3,3,2,3,4,1,1,0,1,0,1,1,3,4,3,4,4,5,4,4,4,5,5,5,4,4,4,3,4,5,4,4,4,5,3,4,4,3,3,6,4,4,6,4,5,5
302,2,3,2,2,4,4,3,2,3,2,1,0,1,0,2,1,5,4,5,5,4,5,4,4,4,5,5,5,4,4,5,4,4,5,6,5,5,4,4,5,5,4,4,4,5,5,5,4,4,5
303,1,2,2,2,3,2,3,3,3,2,1,0,1,0,3,1,5,4,4,5,4,5,4,4,4,3,3,4,4,5,5,4,5,5,4,3,5,4,4,5,6,4,4,5,5,4,4,5,5,5
304,1,2,2,1,4,4,3,2,3,3,0,0,1,1,1,2,3,3,3,3,3,3,3,3,3,3,3,3,3,3,3,3,3,3,3,3,3,3,3,3,3,3,3,3,3,3,3,3,3,3
305,1,4,2,3,6,4,2,2,4,2,1,0,1,0,2,1,4,4,3,4,4,6,5,5,4,5,4,4,3,4,4,4,4,5,4,5,5,4,4,5,4,3,4,4,5,5,5,4,5,5
306,1,3,2,2,4,4,2,3,4,2,0,1,1,0,2,2,4,4,4,3,3,4,3,3,3,3,4,4,4,4,2,2,3,4,3,3,5,5,2,4,1,1,1,2,3,2,5,4,3,3
307,1,2,1,1,2,3,2,2,5,2,1,0,1,0,1,2,2,2,2,1,3,2,3,2,1,2,2,2,3,2,3,2,3,2,3,3,1,1,3,2,2,3,3,5,3,3,4,3,3,4
308,2,2,1,1,1,3,2,2,4,1,1,0,1,0,1,1,6,5,5,5,5,5,4,5,6,5,6,6,5,6,5,4,5,6,5,6,5,6,1,6,5,4,5,5,6,5,6,4,6,5
309,2,1,1,1,3,4,2,2,3,2,0,0,1,1,1,1,2,2,2,2,2,2,3,2,2,3,2,1,2,2,3,2,3,4,2,2,4,2,4,4,2,3,3,2,3,3,4,5,2,4
310,2,1,1,1,1,4,5,4,1,2,0,0,1,1,1,1,5,5,6,5,5,2,1,2,5,2,6,5,1,5,5,4,5,6,3,5,6,3,5,2,5,3,2,1,4,1,1,5,1,3
311,2,1,2,1,4,3,2,2,1,1,0,0,1,1,2,2,4,3,4,4,4,3,3,4,5,4,6,4,4,4,4,4,4,5,3,2,2,5,4,4,3,3,3,3,2,2,4,5,1,4
312,1,2,2,1,6,4,2,1,3,1,0,0,1,1,2,1,4,5,5,5,4,5,4,6,4,3,5,4,3,4,5,5,6,3,3,4,4,4,1,4,3,3,3,2,2,4,4,4,3,5
313,1,2,1,1,2,4,2,1,3,3,0,0,1,1,2,2,4,4,3,3,3,5,4,5,4,4,4,3,3,3,3,3,3,4,3,3,5,5,3,3,3,3,2,3,2,3,4,4,2,4
314,1,2,1,1,1,4,3,2,3,1,1,0,1,0,2,2,3,3,3,3,3,3,3,3,3,3,3,3,3,3,3,3,3,3,3,3,3,3,3,3,3,3,3,3,3,3,3,3,3,3
315,1,1,1,1,1,2,3,3,3,3,0,1,1,0,1,1,2,4,4,4,4,4,4,4,4,4,4,4,4,4,6,6,5,5,4,5,5,5,5,4,5,5,5,1,2,4,5,5,4,4
316,1,1,1,1,1,4,1,1,1,3,0,1,0,1,2,2,5,5,5,5,5,5,5,5,5,5,5,5,5,5,5,4,3,5,4,5,5,6,4,3,4,4,4,5,4,2,5,3,4,5
317,1,1,1,1,2,4,2,2,3,2,1,0,1,0,1,1,6,6,6,6,6,5,4,5,5,4,5,5,4,5,5,4,5,5,3,4,5,5,4,4,4,4,4,3,4,4,5,5,4,5
318,1,1,2,1,7,4,3,4,6,1,0,0,1,1,1,1,3,4,5,4,4,4,4,6,5,5,5,5,5,5,3,3,3,3,3,3,6,6,3,6,3,3,3,3,3,3,5,5,5,5
319,2,4,2,1,4,3,2,2,2,1,0,0,1,1,1,1,4,4,4,4,4,4,4,4,4,4,4,4,4,4,2,2,2,2,2,2,4,4,2,4,4,2,2,2,2,2,4,4,4,4
320,1,1,1,1,1,4,4,3,3,2,0,0,1,1,2,1,5,5,5,5,5,6,6,6,6,6,6,6,6,6,2,2,2,6,2,6,6,6,3,3,1,1,1,1,1,1,6,6,6,6
321,1,2,1,1,2,4,2,2,3,1,1,0,1,0,1,2,3,3,4,3,4,4,3,5,6,4,5,5,3,4,3,3,3,3,2,3,4,4,3,5,3,3,4,2,3,4,4,5,3,3
322,1,1,1,1,1,4,2,2,2,2,0,0,1,1,2,1,5,5,5,5,5,5,5,5,5,5,5,5,5,5,5,5,5,5,5,5,5,5,5,5,5,5,5,5,5,5,5,5,5,5
323,2,1,1,1,3,4,1,1,3,2,1,0,1,0,2,1,5,5,5,6,6,5,5,5,5,5,5,5,5,5,3,3,3,1,1,1,6,6,2,5,1,1,1,1,1,1,5,5,5,5
324,1,1,1,1,1,1,1,1,1,4,0,0,1,1,1,2,2,2,2,2,2,5,5,5,5,5,5,5,5,5,2,2,2,2,2,2,4,4,2,4,2,2,2,2,2,2,2,2,2,2
325,2,2,2,2,4,4,2,2,4,3,0,1,0,1,2,1,5,5,5,5,5,4,4,4,5,5,5,5,5,5,3,3,4,3,3,3,5,5,4,4,2,2,2,2,2,2,4,4,4,4
326,1,2,1,1,2,4,2,1,3,1,0,1,1,0,1,2,5,3,3,3,3,4,4,4,4,4,4,3,3,3,2,2,3,2,2,2,4,4,3,4,2,2,3,1,1,1,4,4,1,2
327,1,1,1,1,1,3,2,2,1,1,0,0,1,1,1,2,6,6,5,5,6,5,5,6,6,6,5,6,5,5,4,5,4,5,4,5,5,5,5,6,6,5,5,5,5,5,5,5,5,5
328,2,2,1,1,1,3,1,3,3,3,0,1,0,1,1,2,3,2,1,1,1,1,1,1,1,1,1,1,1,1,1,1,1,3,3,2,2,2,2,2,2,2,1,1,1,2,2,2,2,3
329,2,1,1,1,2,3,2,2,1,2,0,1,0,1,1,2,4,4,3,3,2,2,2,2,3,2,2,2,1,1,6,4,5,6,5,4,4,4,2,3,2,3,3,2,4,5,2,3,1,3
330,1,1,1,1,1,4,1,2,2,1,1,1,0,0,1,1,5,5,5,5,5,4,4,3,5,5,5,4,4,5,5,5,6,6,4,4,3,4,5,1,5,5,5,6,4,4,5,5,3,4
331,1,1,1,1,2,4,2,1,1,1,1,0,1,0,1,2,3,3,3,3,3,3,3,3,3,3,3,3,3,3,3,3,3,4,4,4,4,4,4,4,4,4,3,3,3,6,4,4,4,3
332,2,2,1,1,4,4,1,1,3,1,0,1,1,0,1,1,4,4,3,3,4,4,3,4,4,3,4,4,3,3,4,4,4,4,5,4,3,3,4,4,3,3,4,4,3,3,4,4,2,4
333,2,1,1,1,3,4,3,4,2,1,0,0,1,1,1,1,5,5,5,5,5,3,3,4,5,5,5,5,5,5,3,3,3,4,4,4,4,4,4,4,4,4,4,3,3,4,4,4,3,4
334,1,1,1,1,2,3,2,2,2,1,1,1,0,0,2,1,3,3,3,3,3,3,3,3,3,3,3,3,3,3,3,3,3,3,3,3,3,3,3,3,3,3,3,3,3,3,3,3,3,3
335,1,2,1,1,1,4,2,2,2,1,1,0,1,0,1,1,5,5,4,4,4,3,3,3,3,3,3,3,3,3,3,3,3,3,3,3,3,3,3,3,3,3,3,3,3,3,3,3,3,3
336,1,1,1,1,1,4,4,3,3,2,0,0,1,1,2,1,5,5,5,5,5,6,6,6,6,6,6,6,6,6,1,1,1,6,6,6,6,6,4,3,1,1,1,1,1,1,6,6,6,6
337,2,2,1,1,1,4,1,3,4,1,0,1,0,1,2,1,6,6,5,6,6,5,5,6,6,5,6,6,4,5,3,3,3,2,1,1,4,2,2,5,2,2,1,2,2,2,5,5,3,6
338,1,1,1,1,2,4,2,2,3,1,1,0,1,0,2,1,5,5,5,5,5,5,5,5,5,5,5,5,5,5,4,4,4,4,4,4,4,4,4,4,5,5,5,5,5,5,5,5,5,5
339,2,2,1,1,3,4,3,3,4,1,1,0,1,0,2,2,5,5,6,6,4,4,1,6,6,4,6,6,6,6,6,6,6,6,1,1,2,6,6,4,6,6,6,3,4,1,5,6,3,6
340,1,1,1,1,1,4,4,3,3,2,0,0,1,1,2,1,6,6,6,6,6,6,6,6,6,6,6,6,6,6,1,1,1,6,6,6,6,6,4,3,1,1,1,1,1,1,6,6,6,6
341,2,1,1,1,2,3,2,1,2,3,0,0,1,1,2,2,3,2,3,3,3,2,1,2,2,2,4,2,2,2,2,1,3,2,1,2,2,3,2,3,2,1,1,2,1,4,2,3,1,3
342,1,1,1,1,1,4,4,3,3,2,0,0,1,1,2,1,6,6,5,6,6,6,6,6,6,6,6,6,6,6,1,1,1,6,6,6,6,6,4,3,1,1,1,1,1,1,6,6,6,6
343,1,1,1,1,5,4,5,5,5,1,0,1,1,0,2,1,6,6,6,6,6,6,6,6,6,6,6,6,6,6,1,1,5,6,6,6,6,6,3,1,1,1,1,1,1,1,6,6,6,6
344,1,1,2,1,5,4,1,1,1,1,0,0,1,1,1,2,1,3,2,2,3,3,4,3,3,3,3,4,4,3,3,2,2,3,3,3,3,4,4,3,4,2,3,2,3,3,3,4,3,3
345,1,1,1,1,7,4,5,2,6,1,0,1,1,0,2,1,5,5,5,5,5,6,6,6,6,6,6,6,6,6,1,1,1,6,6,6,6,6,3,2,1,1,1,1,1,1,6,6,6,6
346,1,1,1,1,2,3,4,2,5,1,0,1,0,1,2,1,5,5,5,5,5,6,6,6,6,6,6,6,6,6,1,1,1,6,6,6,6,6,4,3,1,1,1,1,1,1,6,6,6,6
347,1,2,2,1,4,4,2,1,1,2,0,1,1,0,2,2,3,3,3,3,3,3,3,3,3,3,3,3,3,3,3,3,3,3,3,3,3,3,3,3,3,3,3,3,3,3,3,3,3,3
348,1,1,1,1,2,3,4,3,4,1,1,0,1,0,2,1,5,5,5,5,5,6,6,6,6,6,6,6,6,6,1,1,1,6,6,6,6,6,4,3,1,1,1,1,1,1,6,6,6,6
349,1,1,1,1,1,4,4,3,4,1,0,1,1,0,2,1,5,5,5,5,5,6,6,6,6,6,6,6,6,6,1,1,1,6,6,6,6,6,4,3,1,1,1,1,1,1,6,6,6,6
350,1,1,1,1,4,4,5,2,4,1,0,0,1,1,2,1,5,5,5,5,5,6,6,6,6,6,6,6,6,6,1,1,1,6,6,6,6,6,4,3,1,1,1,1,1,1,6,6,6,6
351,2,1,1,1,1,4,1,4,2,1,0,1,0,1,1,2,5,6,5,6,6,5,4,5,5,4,4,5,5,5,2,2,4,1,1,1,5,4,2,5,3,2,4,3,1,3,4,5,2,5
352,1,1,1,1,6,4,5,4,5,2,0,1,1,0,2,1,5,5,5,5,5,6,6,6,6,6,6,6,6,6,1,1,1,6,6,6,6,6,4,3,1,1,1,1,1,1,6,6,6,6
353,2,1,1,1,1,3,1,2,1,1,0,0,1,1,1,2,5,5,5,5,5,3,3,3,5,4,5,5,5,5,4,5,5,4,2,3,4,4,4,4,3,3,3,3,3,4,4,4,1,1
354,2,1,1,1,1,4,3,4,2,1,0,0,1,1,1,1,4,4,4,4,4,6,4,6,5,4,4,5,5,5,2,4,2,2,1,1,5,4,2,5,2,2,2,1,1,1,5,4,3,5
355,2,1,1,1,2,3,3,2,3,2,0,1,1,0,2,1,5,5,5,5,5,3,2,4,5,4,5,4,4,3,4,4,5,4,2,3,3,5,3,4,3,2,2,2,2,2,5,4,1,4
356,1,1,1,2,1,4,4,4,4,2,0,0,1,1,2,2,3,3,3,3,3,3,3,3,4,4,4,4,4,4,2,2,2,1,1,1,5,5,2,2,2,2,2,2,2,2,3,3,3,3
357,1,2,1,1,1,4,2,2,3,2,1,0,1,0,2,1,5,6,5,5,5,1,1,3,3,3,5,2,2,2,6,6,6,6,6,6,6,6,6,1,6,6,2,3,6,4,6,6,1,3
358,2,1,1,1,2,3,1,1,3,3,0,1,1,0,1,1,3,3,3,3,3,3,3,3,3,3,5,4,3,4,3,3,3,1,1,3,4,4,3,5,3,3,2,1,1,1,3,3,1,4
359,2,2,1,1,2,2,3,4,3,2,1,1,0,0,2,1,2,2,3,3,1,1,1,2,1,1,2,1,1,1,1,2,2,2,2,2,2,1,1,1,1,1,1,2,2,1,3,2,2,2
360,2,1,1,1,1,3,1,3,2,1,0,0,1,1,1,1,4,4,4,4,4,4,4,4,4,4,4,4,4,4,2,2,3,2,1,1,4,4,3,2,2,2,2,2,2,2,3,3,3,3
361,2,2,1,2,1,3,2,2,2,2,0,0,1,1,1,2,4,4,4,4,4,4,4,4,4,4,4,4,4,4,5,4,5,4,4,4,4,4,4,4,4,4,4,4,4,4,4,4,4,4
362,1,2,1,1,3,4,1,1,1,1,0,0,1,1,2,2,5,5,5,5,5,5,5,5,5,5,5,5,5,5,4,4,4,4,4,4,4,4,4,4,3,4,4,4,4,4,4,4,4,4
363,1,2,1,3,2,3,2,3,1,2,1,0,1,0,2,2,5,5,5,5,5,5,5,5,5,5,5,5,5,5,5,5,5,5,5,5,5,5,5,5,4,5,5,4,4,6,6,6,6,5
364,1,2,1,1,3,4,1,2,2,1,0,0,1,1,1,1,4,4,4,4,4,3,3,3,4,4,4,4,4,4,3,3,3,5,5,5,5,5,5,5,2,2,2,3,3,3,6,6,6,6
365,1,2,1,1,2,4,2,1,4,1,0,0,1,1,1,2,5,4,5,4,4,5,4,6,5,6,5,6,4,5,5,5,5,5,5,5,6,5,4,5,5,4,5,5,6,5,5,6,5,5
366,1,2,1,3,1,1,2,2,3,3,1,0,1,0,2,2,1,1,1,1,1,1,1,1,1,1,1,1,1,1,1,1,1,1,1,1,1,1,1,1,1,1,1,2,2,2,1,1,2,1
367,1,3,2,2,6,4,3,3,2,1,0,0,1,1,2,1,5,5,5,5,5,5,5,5,5,5,5,5,5,5,5,5,5,5,5,5,5,5,2,5,1,1,1,1,1,3,4,4,2,4
368,1,2,2,3,4,4,3,2,2,1,0,0,1,1,2,2,4,3,3,3,3,4,3,4,3,3,3,4,4,4,5,5,5,3,3,3,5,5,3,4,1,1,3,2,1,2,6,5,1,4
369,1,2,3,2,2,4,4,5,3,1,1,0,1,0,1,1,3,4,3,3,3,3,3,3,3,3,3,3,3,3,6,6,6,3,3,3,3,3,3,3,6,6,3,3,3,3,3,3,3,3
370,1,2,2,1,5,4,3,2,3,2,1,0,1,0,3,2,3,3,5,4,5,2,2,4,4,3,4,5,4,4,5,5,5,4,2,4,5,5,5,4,4,4,2,3,3,2,5,5,2,3
371,2,1,1,1,1,4,3,3,3,1,0,0,1,1,1,2,4,4,4,5,5,3,3,3,4,4,4,4,4,4,2,2,2,4,3,3,3,3,3,3,3,3,3,3,3,3,4,4,4,4
372,1,2,1,1,3,3,2,2,4,1,1,0,0,1,1,2,3,3,3,3,3,3,4,3,4,4,3,3,3,4,4,4,3,3,4,4,3,3,3,3,2,4,3,3,3,3,3,3,3,3
373,2,1,1,3,1,2,1,1,3,4,0,1,1,0,4,1,5,5,5,5,5,2,6,4,5,5,6,6,6,6,6,6,6,6,6,5,6,6,5,4,3,4,4,6,6,6,6,5,2,5
374,1,5,2,1,7,3,3,5,2,1,0,0,1,1,1,1,6,6,6,6,6,6,6,6,6,6,6,6,6,6,3,3,3,3,3,3,6,6,3,3,3,3,3,3,3,3,3,3,3,3
375,1,1,1,1,3,4,3,2,3,2,0,0,1,1,1,2,3,4,3,3,3,4,3,4,5,3,4,3,2,3,3,3,3,3,4,4,3,4,4,4,3,3,2,4,3,3,4,3,4,3
376,1,1,1,1,2,4,2,2,3,1,0,0,1,1,2,2,6,6,6,6,6,6,4,6,6,6,6,6,6,6,1,5,6,3,1,2,6,6,2,6,2,2,1,1,1,6,6,6,2,6
377,1,2,2,6,7,4,3,3,5,2,1,0,0,1,4,1,6,6,6,6,6,6,6,6,6,6,6,6,6,6,6,6,6,6,6,6,6,6,6,6,6,6,6,6,6,6,6,6,6,6
378,1,3,2,1,4,4,3,2,4,1,1,0,1,0,1,1,3,4,4,3,4,4,3,4,6,5,4,4,5,5,5,4,4,4,4,5,5,4,6,5,5,5,4,5,6,5,5,6,6,6
379,2,2,2,1,4,4,1,1,3,3,0,1,0,1,2,2,4,4,4,4,4,5,3,5,6,5,6,5,5,5,1,1,1,1,1,1,5,5,1,4,1,1,1,2,1,1,1,1,1,4
380,2,1,1,1,3,3,2,2,2,1,1,0,1,0,1,1,4,4,4,3,5,4,3,5,5,4,5,5,4,5,2,3,2,2,3,3,2,2,2,2,4,3,2,3,3,3,3,4,5,4
381,1,2,1,1,1,4,2,2,3,1,0,0,1,1,1,2,1,2,1,2,2,1,3,1,3,3,3,3,3,3,3,3,3,3,3,3,3,3,4,4,3,3,3,5,4,5,5,3,5,5
382,1,1,1,3,1,4,2,2,2,2,1,0,1,0,2,1,5,5,4,5,5,3,3,4,5,5,5,4,4,5,3,5,4,3,3,3,5,5,3,4,4,4,4,3,3,3,4,4,2,4
383,1,2,1,1,1,4,2,2,1,2,0,1,1,0,1,2,4,3,5,5,4,5,4,5,5,5,5,5,6,5,5,5,5,3,3,3,4,5,4,4,4,4,3,4,4,4,5,5,3,4
384,2,4,2,1,4,3,1,2,2,1,0,1,1,0,1,2,5,5,5,5,5,5,4,5,4,4,4,4,4,4,3,3,3,3,1,1,4,4,2,3,3,2,1,2,1,3,4,6,1,4
385,2,3,2,1,4,4,2,2,3,2,1,0,1,0,2,1,5,4,5,5,5,5,5,6,6,6,6,6,4,4,5,5,5,6,1,1,4,6,4,3,3,3,3,4,1,1,4,4,4,4
386,1,2,1,1,2,4,1,1,3,2,0,1,1,0,1,2,6,6,6,6,6,3,3,3,6,4,4,6,6,6,5,3,6,6,1,4,3,4,6,2,6,6,6,1,1,6,6,6,2,6
387,2,2,2,1,4,2,3,3,2,2,1,0,1,0,2,2,5,5,5,5,5,4,4,4,5,5,5,5,5,5,4,4,4,3,1,2,5,5,2,4,2,2,2,2,2,2,3,3,2,3
388,1,2,2,1,4,3,3,3,2,1,1,0,1,0,1,1,6,6,6,6,6,6,6,6,6,6,6,6,6,6,1,1,1,1,1,1,6,6,1,6,1,1,1,1,1,1,6,6,6,6
389,1,2,1,1,2,4,5,5,6,3,0,1,1,0,1,1,5,5,5,5,5,4,4,4,4,4,4,4,4,4,4,4,4,4,4,4,4,4,4,4,4,4,4,4,4,4,4,4,4,4
390,1,2,1,1,1,4,1,1,1,3,0,1,1,0,2,2,4,4,4,4,4,5,4,4,4,4,4,4,4,4,3,3,3,3,2,2,3,2,3,3,3,3,3,3,3,3,3,3,3,3
391,1,2,1,1,3,4,3,3,3,2,1,0,0,1,2,1,4,5,4,4,4,5,5,4,4,5,4,4,5,4,4,3,3,4,4,4,4,4,3,4,3,3,3,2,2,2,4,4,4,4
392,2,2,1,1,2,4,3,2,3,1,0,0,1,1,2,1,3,3,3,3,3,4,3,4,4,3,5,3,3,3,5,5,5,4,3,3,3,3,3,3,3,3,5,4,3,3,4,3,3,3
393,1,2,3,1,3,1,3,2,4,1,0,0,1,1,2,2,5,5,6,5,5,5,6,6,6,5,6,6,5,5,5,5,6,5,6,6,6,6,6,5,4,4,4,6,6,5,5,5,5,6
394,1,2,1,1,2,3,2,2,3,2,0,1,0,1,1,2,4,5,5,5,4,5,6,6,6,5,5,5,5,5,5,5,5,4,6,5,6,5,5,5,4,4,2,5,6,4,5,4,5,6
395,1,2,1,1,1,4,3,2,2,1,1,0,0,1,2,1,3,4,3,5,5,5,4,5,5,5,4,5,4,4,2,3,2,3,2,2,5,5,3,5,2,2,3,3,2,2,4,5,4,4
396,2,1,1,1,1,4,3,2,4,2,1,1,0,0,2,2,5,5,5,5,5,5,5,5,5,5,5,5,5,5,5,5,5,2,2,2,3,2,3,1,2,2,2,3,2,3,5,5,3,5
397,2,1,1,1,3,4,1,1,5,1,1,0,1,0,2,1,3,3,3,3,3,3,3,3,3,3,3,3,3,3,3,3,3,3,3,3,3,3,3,3,3,3,3,3,3,3,3,3,3,3
398,2,1,1,1,1,3,1,2,2,2,1,0,0,1,3,1,3,5,5,5,5,3,2,4,2,3,4,3,3,3,3,5,3,4,1,2,3,5,2,3,2,2,1,4,2,4,5,3,1,4
399,2,1,1,1,2,4,2,1,2,1,0,1,0,1,1,1,5,5,5,4,4,5,4,4,6,5,5,4,4,5,5,5,5,4,4,5,4,4,3,4,3,3,3,2,2,3,2,3,2,2
400,1,2,1,1,6,4,2,2,4,2,0,1,0,1,2,1,2,2,2,1,2,2,3,2,2,3,2,2,4,2,2,3,1,2,2,3,1,1,3,2,3,1,2,2,1,2,2,2,1,2
401,1,1,1,2,2,1,2,2,2,1,1,0,1,0,1,1,1,1,1,1,1,1,1,1,1,1,1,1,1,1,1,1,1,1,1,1,1,1,1,1,1,1,1,1,1,1,1,1,1,1
402,2,1,1,1,3,4,2,2,3,3,0,0,1,1,2,1,3,3,2,1,3,3,2,4,4,4,4,4,3,5,2,2,2,2,2,2,4,4,2,3,2,2,2,2,2,2,4,4,1,3
403,1,1,1,1,3,3,2,1,5,2,0,1,1,0,1,1,3,4,4,4,4,4,4,4,4,3,3,4,3,3,5,5,5,4,4,3,4,3,4,4,4,3,3,4,3,3,4,4,3,3
404,1,1,1,1,4,4,3,2,3,1,0,0,1,1,1,1,4,5,5,5,5,5,5,5,5,5,5,5,4,4,3,3,3,2,2,2,6,6,4,4,2,2,2,2,2,2,5,5,4,5
405,1,1,1,1,2,3,2,2,2,1,0,1,0,1,2,2,6,5,4,5,6,5,6,5,6,5,6,6,5,4,4,5,6,5,4,5,6,5,4,5,5,6,5,6,5,6,4,5,4,5
406,2,3,2,2,5,4,3,3,3,2,0,0,1,1,3,1,3,4,4,4,5,5,4,5,5,4,4,6,5,5,4,4,4,5,5,5,6,5,5,2,3,4,4,5,4,6,5,5,6,3
407,1,2,1,1,3,4,3,2,3,1,0,0,1,1,2,2,3,5,4,5,5,5,2,4,4,3,5,6,6,5,4,5,5,6,4,6,6,3,4,5,3,4,4,4,5,5,5,4,6,5
408,1,5,2,1,5,4,5,2,1,3,0,1,1,0,1,1,5,5,5,5,4,5,3,4,5,5,5,4,3,3,5,5,5,5,3,4,4,4,5,2,2,3,1,2,2,4,5,5,2,5
409,1,2,1,1,2,4,3,2,3,2,0,0,1,1,2,1,6,6,5,5,5,4,4,4,5,4,5,5,4,5,5,4,4,5,3,3,4,5,3,3,5,2,3,3,5,3,4,5,3,5
410,1,1,1,1,2,1,1,1,2,4,0,1,0,1,4,2,3,4,3,4,3,3,4,3,3,4,3,3,4,3,3,4,3,3,4,3,3,4,3,4,3,4,3,3,4,3,3,4,3,4
411,1,1,1,1,2,3,1,1,3,2,0,0,1,1,2,2,5,5,5,4,5,4,4,3,6,5,5,3,3,6,1,3,2,5,3,2,5,5,2,5,2,2,2,3,3,2,5,3,1,4
412,1,2,1,1,1,4,1,1,1,1,0,1,1,0,1,1,6,6,6,6,6,5,5,5,4,4,4,4,4,4,3,3,3,3,3,3,3,3,3,3,3,3,3,3,3,3,3,3,3,3
413,2,1,1,1,1,3,2,2,1,1,0,1,0,1,1,2,4,4,4,4,4,4,4,4,4,4,4,4,4,4,5,5,4,4,1,5,3,5,6,2,1,2,3,4,5,6,5,4,3,2
414,2,6,5,1,2,2,5,5,1,1,1,1,0,0,1,1,1,1,1,1,1,1,1,1,1,1,1,1,1,1,1,1,1,1,1,1,1,1,1,1,1,1,1,1,1,1,1,1,1,1
415,2,1,1,1,1,4,3,3,3,1,0,0,1,1,1,1,6,6,6,6,6,6,6,6,6,6,6,6,6,5,5,5,6,4,1,2,5,1,3,3,1,2,1,5,1,1,6,6,5,6
416,1,2,1,1,1,4,2,2,3,1,0,0,1,1,2,2,4,4,4,4,4,4,4,4,4,4,4,4,4,4,4,4,4,2,2,2,3,3,3,2,2,3,3,4,4,4,3,3,2,3
417,2,2,1,1,2,4,2,2,3,2,1,0,1,0,2,2,4,5,5,5,4,4,4,6,6,5,6,5,4,6,5,5,5,3,2,2,5,5,3,5,2,2,2,1,1,1,4,4,2,5
418,2,2,1,1,1,3,1,1,2,1,0,1,1,0,2,1,5,5,5,5,5,4,4,4,5,5,5,5,5,5,4,4,4,3,3,3,4,4,3,3,1,1,1,1,1,1,5,5,5,5
419,2,2,1,1,1,4,1,1,4,1,0,0,1,1,2,1,4,4,5,5,5,6,4,5,6,5,6,4,5,4,1,2,1,3,1,1,4,4,1,4,1,1,1,1,2,2,5,5,4,5
420,1,1,1,1,3,3,2,1,2,1,1,1,0,0,1,2,5,4,5,6,3,4,5,6,5,4,5,5,4,6,5,4,5,6,5,5,4,5,4,3,5,4,5,3,5,4,5,6,4,4
421,2,1,1,1,3,4,4,2,3,1,1,0,1,0,2,1,5,4,5,5,4,5,3,3,5,5,5,5,5,5,5,5,5,4,1,1,3,3,4,3,3,4,4,3,4,3,5,5,3,4
422,1,2,1,1,2,3,2,2,2,1,0,1,1,0,2,1,3,3,3,3,3,3,3,3,3,3,3,3,3,3,4,4,4,3,3,3,3,3,3,3,2,2,2,3,3,3,3,3,2,3
423,2,2,1,1,1,3,3,5,1,1,0,1,1,0,1,2,4,5,5,4,5,6,5,6,6,5,6,4,6,3,2,4,3,4,2,2,2,4,4,3,4,2,5,5,2,2,5,6,4,3
424,2,1,1,1,1,2,3,1,4,2,1,1,0,0,4,1,3,4,5,4,4,4,5,3,4,5,3,5,4,3,3,4,5,5,4,3,3,4,4,3,5,4,4,4,5,5,5,4,5,4
425,1,3,2,2,3,2,4,4,3,2,1,0,1,0,2,1,4,4,5,4,5,5,4,3,3,2,5,4,5,4,3,4,4,3,4,4,5,4,4,3,5,4,5,5,4,3,4,5,5,4
426,1,4,2,3,5,4,3,2,5,2,1,0,0,1,4,1,5,4,5,6,5,6,4,6,5,6,6,4,3,3,2,5,3,4,2,3,4,2,2,4,2,2,2,4,6,3,5,6,3,4
427,2,2,2,3,3,3,3,2,3,2,0,1,1,0,2,1,4,5,4,5,6,5,6,5,5,6,6,6,5,5,2,3,3,3,3,3,5,5,5,4,5,4,5,5,6,5,5,5,4,5
428,2,2,2,2,4,2,3,3,3,2,0,0,1,1,2,1,2,2,3,4,2,2,3,3,1,1,1,2,2,2,5,5,5,5,4,5,2,3,4,3,2,3,2,3,3,1,4,2,2,2
429,2,2,3,2,3,2,3,4,3,2,0,1,1,0,2,1,4,5,6,5,4,4,5,5,5,4,5,4,5,6,6,5,4,6,5,5,4,6,5,4,4,5,5,5,4,5,5,4,4,4
430,1,3,2,2,5,4,2,2,4,3,1,1,0,0,2,1,2,3,5,4,4,4,5,4,4,5,4,4,4,4,3,5,4,4,5,4,4,5,4,4,4,5,4,4,5,4,4,5,5,4
431,2,2,2,2,1,2,3,2,2,2,0,1,1,0,3,1,5,4,5,5,5,5,4,5,5,4,5,5,6,5,4,5,5,5,4,4,5,5,6,4,5,5,6,6,5,4,4,5,5,5
432,2,3,4,1,1,2,4,3,3,1,1,0,1,0,1,1,2,2,2,3,3,2,3,3,4,4,3,1,2,2,4,1,1,1,1,1,3,3,1,6,2,1,5,1,5,1,1,1,1,4
433,2,2,2,1,4,4,2,2,3,3,1,0,1,0,2,1,6,5,5,5,5,5,4,4,4,3,4,4,5,4,5,4,4,4,5,4,4,4,4,3,4,5,4,4,5,5,5,5,4,4
434,2,5,2,3,3,1,3,3,4,1,1,0,1,0,1,1,2,4,4,3,5,5,4,5,4,5,5,5,4,5,5,4,4,5,5,5,5,6,4,3,5,5,5,5,6,5,5,5,5,5
435,2,3,2,3,4,2,3,3,5,2,0,1,1,0,3,2,5,6,5,5,6,6,6,5,5,6,4,5,6,4,6,5,6,6,5,3,5,4,5,5,2,4,4,4,3,3,4,5,4,3
436,2,2,3,2,3,3,3,3,2,2,1,0,1,0,2,2,5,4,4,4,5,4,5,4,4,5,4,5,4,4,5,4,4,5,4,4,5,4,4,5,5,4,4,5,5,4,5,5,4,4
437,1,4,2,1,6,4,2,2,3,4,1,0,0,1,4,2,2,2,2,3,3,2,4,2,4,4,2,4,4,4,4,4,2,4,4,4,3,3,4,4,5,5,5,6,6,6,5,5,4,5
438,2,4,4,3,1,2,5,5,2,1,1,1,0,0,3,1,1,1,1,1,1,1,3,1,1,3,1,3,3,3,5,5,5,5,5,5,3,1,6,5,6,6,6,6,5,5,1,1,1,1
439,2,1,1,1,2,4,2,2,3,2,0,0,1,1,1,1,3,4,4,3,4,5,3,5,6,6,6,5,4,6,4,4,4,3,2,2,5,5,4,3,2,2,2,1,1,1,5,5,5,5
