station,date,item,area,month,season,population,item_percent_ppm,max_AMB_TEMP,max_RH,mean_AMB_TEMP,mean_RH,max_PM2_5,mean_PM2_5
仁武區,2023-06-28,1.0,1,6,夏季,96353,10.378504042427325,31.9,93.0,28.770833333333332,87.625,31.0,17.5
仁武區,2023-06-30,1.0,1,6,夏季,96353,10.378504042427325,33.4,87.0,30.983333333333334,70.20833333333333,14.0,6.125
仁武區,2023-08-12,1.0,1,8,夏季,96808,10.329724816130899,32.9,99.0,29.4375,80.58333333333333,12.0,7.666666666666667
仁武區,2023-08-23,1.0,1,8,夏季,96808,10.329724816130899,32.3,91.0,29.883333333333336,77.0,15.0,5.833333333333333
仁武區,2023-08-26,1.0,1,8,夏季,96808,10.329724816130899,32.2,93.0,28.9875,80.08333333333333,16.0,10.791666666666666
仁武區,2023-09-03,1.0,1,9,秋季,97008,10.308428170872505,28.6,100.0,27.3625,95.66666666666667,16.0,9.125
仁武區,2023-09-05,1.0,1,9,秋季,97008,10.308428170872505,30.6,100.0,28.150000000000002,93.04166666666667,16.0,6.875
仁武區,2023-09-14,1.0,1,9,秋季,97008,10.308428170872505,30.6,93.0,28.599999999999998,80.45833333333333,27.0,17.0
仁武區,2023-09-18,1.0,1,9,秋季,97008,10.308428170872505,32.6,93.0,29.3875,74.70833333333333,32.0,15.26086956521739
仁武區,2023-09-20,1.0,1,9,秋季,97008,10.308428170872505,32.0,88.0,29.541666666666668,71.29166666666667,20.0,12.583333333333334
仁武區,2023-10-02,1.0,1,10,秋季,97155,10.292831043178426,32.3,89.0,29.45,73.70833333333333,26.0,15.958333333333334
仁武區,2023-10-03,1.0,1,10,秋季,97155,10.292831043178426,32.5,88.0,28.170833333333334,64.54166666666667,22.0,13.956521739130435
仁武區,2023-10-05,1.0,1,10,秋季,97155,10.292831043178426,29.9,88.0,27.849999999999998,80.45833333333333,12.0,3.875
仁武區,2023-10-06,1.0,1,10,秋季,97155,10.292831043178426,28.8,96.0,26.075,85.33333333333333,13.0,4.166666666666667
仁武區,2023-10-12,1.0,1,10,秋季,97155,10.292831043178426,30.2,86.0,27.2,70.75,30.0,16.956521739130434
仁武區,2023-10-14,1.0,1,10,秋季,97155,10.292831043178426,29.6,90.0,27.462500000000002,74.0,29.0,19.0
仁武區,2023-10-18,1.0,1,10,秋季,97155,10.292831043178426,29.6,91.0,27.075,70.95833333333333,50.0,27.5
仁武區,2023-10-19,1.0,1,10,秋季,97155,10.292831043178426,29.7,87.0,27.525000000000002,67.04166666666667,47.0,28.73913043478261
仁武區,2023-10-22,1.0,1,10,秋季,97155,10.292831043178426,29.1,86.0,27.116666666666664,71.08333333333333,28.0,17.291666666666668
仁武區,2023-10-24,1.0,1,10,秋季,97155,10.292831043178426,30.3,92.0,27.495833333333334,78.16666666666667,29.0,19.772727272727273
仁武區,2023-10-25,1.0,1,10,秋季,97155,10.292831043178426,29.3,90.0,27.708333333333332,75.91666666666667,43.0,28.375
仁武區,2023-10-27,1.0,1,10,秋季,97155,10.292831043178426,28.6,89.0,26.729166666666668,73.70833333333333,27.0,18.208333333333332
仁武區,2023-10-30,1.0,1,10,秋季,97155,10.292831043178426,30.2,88.0,26.291666666666668,69.41666666666667,27.0,16.75
仁武區,2023-10-31,1.0,1,10,秋季,97155,10.292831043178426,28.9,90.0,26.395833333333332,67.20833333333333,24.0,14.791666666666666
仁武區,2023-11-02,2.0,1,11,秋季,97261,20.56322678154656,29.5,91.0,26.629166666666666,73.41666666666667,32.0,20.041666666666668
仁武區,2023-11-05,2.0,1,11,秋季,97261,20.56322678154656,30.7,86.0,27.3,62.916666666666664,40.0,26.0
仁武區,2023-11-09,1.0,1,11,秋季,97261,10.28161339077328,29.8,83.0,27.22083333333333,73.41666666666667,38.0,26.416666666666668
仁武區,2023-11-10,1.0,1,11,秋季,97261,10.28161339077328,32.1,84.0,28.420833333333334,69.5,45.0,26.666666666666668
仁武區,2023-11-12,3.0,1,11,秋季,97261,30.844840172319845,35.52,103.2,30.669999999999998,88.10000000000001,31.2,22.1
仁武區,2023-11-15,1.0,1,11,秋季,97261,10.28161339077328,27.4,82.0,24.254166666666666,72.08333333333333,43.0,20.391304347826086
仁武區,2023-11-17,3.0,1,11,秋季,97261,30.844840172319845,29.04,87.6,24.865000000000002,71.75,36.0,21.549999999999997
仁武區,2023-11-20,2.0,1,11,秋季,97261,20.56322678154656,25.9,78.0,22.325,62.75,33.0,22.291666666666668
仁武區,2023-11-21,2.0,1,11,秋季,97261,20.56322678154656,27.2,79.0,23.175,63.25,40.0,20.347826086956523
仁武區,2023-11-23,3.0,1,11,秋季,97261,30.844840172319845,32.64,96.0,28.15,77.1,45.6,25.05
仁武區,2023-11-25,1.0,1,11,秋季,97261,10.28161339077328,26.2,81.0,22.991666666666664,68.04166666666667,48.0,28.75
仁武區,2023-11-29,1.0,1,11,秋季,97261,10.28161339077328,27.8,82.0,25.537499999999998,68.58333333333333,46.0,29.73913043478261
仁武區,2023-12-01,1.0,1,12,冬季,97337,10.273585584104708,26.0,81.0,22.599999999999998,74.20833333333333,41.0,28.791666666666668
仁武區,2023-12-03,1.0,1,12,冬季,97337,10.273585584104708,25.9,82.0,22.425,74.33333333333333,43.0,30.333333333333332
仁武區,2023-12-06,1.0,1,12,冬季,97337,10.273585584104708,26.8,80.0,22.8125,72.04166666666667,32.0,22.125
仁武區,2023-12-07,1.0,1,12,冬季,97337,10.273585584104708,26.2,80.0,22.741666666666664,66.16666666666667,35.0,20.916666666666668
仁武區,2023-12-10,1.0,1,12,冬季,97337,10.273585584104708,29.3,81.0,25.983333333333334,69.70833333333333,49.0,29.583333333333332
仁武區,2023-12-12,2.0,1,12,冬季,97337,20.547171168209417,29.7,86.0,26.191666666666666,77.91666666666667,48.0,28.458333333333332
仁武區,2023-12-14,1.0,1,12,冬季,97337,10.273585584104708,27.3,90.0,24.34166666666667,81.125,69.0,34.916666666666664
仁武區,2023-12-18,1.0,1,12,冬季,97337,10.273585584104708,25.5,83.0,21.220833333333335,70.125,29.0,19.434782608695652
仁武區,2023-12-19,2.0,1,12,冬季,97337,20.547171168209417,26.9,87.0,22.520833333333332,76.0,24.0,18.833333333333332
仁武區,2023-12-21,2.0,1,12,冬季,97337,20.547171168209417,18.4,81.0,16.520833333333332,74.58333333333333,29.0,16.0
仁武區,2023-12-23,2.0,1,12,冬季,97337,20.547171168209417,19.8,81.0,17.616666666666667,70.125,46.0,32.791666666666664
前金區,2023-07-26,1.0,2,7,夏季,26972,37.07548568886252,35.64,114.0,33.964999999999996,110.19999999999999,32.4,15.02608695652174
前金區,2023-09-14,1.0,2,9,秋季,27033,36.991824806717716,36.96,109.2,35.025,97.6,37.199999999999996,18.991304347826084
前金區,2023-09-26,1.0,2,9,秋季,27033,36.991824806717716,38.4,116.39999999999999,35.945,101.49999999999999,21.599999999999998,14.8
前金區,2023-10-05,1.0,2,10,秋季,27053,36.964477137470894,36.12,108.0,33.794999999999995,98.85,20.4,10.2
前金區,2023-10-10,1.0,2,10,秋季,27053,36.964477137470894,36.12,117.6,34.14,102.55,37.199999999999996,19.8
前金區,2023-10-12,2.0,2,10,秋季,27053,73.92895427494179,36.96,102.0,33.489999999999995,93.1,34.8,20.0
前金區,2023-10-15,2.0,2,10,秋季,27053,73.92895427494179,36.36,109.2,33.614999999999995,94.5,44.4,29.0
前金區,2023-10-16,3.0,2,10,秋季,27053,110.89343141241267,35.4,105.6,32.62,92.7,54.0,40.9
前金區,2023-10-17,1.0,2,10,秋季,27053,36.964477137470894,34.8,104.39999999999999,32.739999999999995,97.6,68.39999999999999,42.0
前金區,2023-10-18,2.0,2,10,秋季,27053,73.92895427494179,36.12,105.6,33.225,93.39999999999999,72.0,42.65
前金區,2023-10-19,2.0,2,10,秋季,27053,73.92895427494179,36.96,102.0,33.678260869565214,87.75652173913043,58.8,34.15
前金區,2023-10-20,1.0,2,10,秋季,27053,36.964477137470894,37.08,97.2,33.699999999999996,86.1,38.4,24.75
前金區,2023-10-21,1.0,2,10,秋季,27053,36.964477137470894,36.239999999999995,102.0,32.660000000000004,88.5,36.0,19.05
前金區,2023-10-22,3.0,2,10,秋季,27053,110.89343141241267,36.12,92.39999999999999,33.345,86.05,34.8,22.85
前金區,2023-10-23,1.0,2,10,秋季,27053,36.964477137470894,35.64,102.0,33.275,91.2,28.799999999999997,19.9
前金區,2023-10-24,5.0,2,10,秋季,27053,184.82238568735445,37.56,108.0,33.75,92.85,34.8,22.45
前金區,2023-10-25,2.0,2,10,秋季,27053,73.92895427494179,36.239999999999995,104.39999999999999,34.035,91.7,50.4,33.860869565217385
前金區,2023-10-26,1.0,2,10,秋季,27053,36.964477137470894,35.76,102.0,33.595,92.7,36.0,22.5
前金區,2023-10-27,1.0,2,10,秋季,27053,36.964477137470894,35.04,103.2,32.949999999999996,91.8,33.6,22.95
前金區,2023-10-29,1.0,2,10,秋季,27053,36.964477137470894,35.52,99.6,32.61,87.45,43.199999999999996,24.45
前金區,2023-10-30,1.0,2,10,秋季,27053,36.964477137470894,36.36,99.6,32.21,88.8,36.0,21.7
前金區,2023-11-01,1.0,2,11,秋季,27064,36.94945314809341,35.76,99.6,32.76,89.64999999999999,36.0,22.472727272727273
前金區,2023-11-02,4.0,2,11,秋季,27064,147.79781259237365,36.0,105.6,32.56,92.0,34.8,22.299999999999997
前金區,2023-11-03,3.0,2,11,秋季,27064,110.84835944428023,35.4,105.6,32.4,93.2,49.199999999999996,28.299999999999997
前金區,2023-11-05,2.0,2,11,秋季,27064,73.89890629618682,36.96,98.39999999999999,33.335,84.95,50.4,30.05
前金區,2023-11-06,1.0,2,11,秋季,27064,36.94945314809341,38.16,94.8,33.894999999999996,80.55,36.0,24.991304347826084
前金區,2023-11-08,1.0,2,11,秋季,27064,36.94945314809341,34.92,98.39999999999999,32.614999999999995,90.8,45.6,29.7
前金區,2023-11-09,3.0,2,11,秋季,27064,110.84835944428023,36.36,102.0,33.095,91.3,39.6,30.599999999999998
前金區,2023-11-13,1.0,2,11,秋季,27064,36.94945314809341,32.879999999999995,96.0,29.169999999999998,83.60000000000001,38.4,23.25
前金區,2023-11-16,1.0,2,11,秋季,27064,36.94945314809341,36.48,100.8,30.505,87.0,26.4,18.5
前金區,2023-11-18,1.0,2,11,秋季,27064,36.94945314809341,28.92,76.8,24.525,70.69999999999999,44.4,34.1
前金區,2023-11-19,1.0,2,11,秋季,27064,36.94945314809341,29.4,87.6,25.914999999999996,75.7,45.6,32.3
前金區,2023-11-21,4.0,2,11,秋季,27064,147.79781259237365,33.0,98.39999999999999,28.285000000000004,78.14999999999999,51.6,24.7
前金區,2023-11-23,1.0,2,11,秋季,27064,36.94945314809341,33.6,100.8,28.735000000000003,78.89999999999999,58.8,29.849999999999998
前金區,2023-11-27,2.0,2,11,秋季,27064,73.89890629618682,32.16,104.39999999999999,28.72,89.49999999999999,44.4,29.049999999999997
前金區,2023-11-29,2.0,2,11,秋季,27064,73.89890629618682,33.839999999999996,104.39999999999999,31.074999999999996,85.4,44.4,32.25
前金區,2023-12-02,1.0,2,12,冬季,27098,36.903092479149755,31.92,96.0,26.744999999999997,87.0,52.8,30.099999999999998
前金區,2023-12-10,1.0,2,12,冬季,27098,36.903092479149755,36.12,93.6,31.919999999999995,81.5,68.39999999999999,34.55
前金區,2023-12-18,1.0,2,12,冬季,27098,36.903092479149755,29.759999999999998,104.39999999999999,25.810000000000002,86.75,39.6,24.249999999999996
前金區,2023-12-19,1.0,2,12,冬季,27098,36.903092479149755,31.56,109.2,27.49,95.7,33.6,23.799999999999997
前金區,2023-12-31,1.0,2,12,冬季,27098,36.903092479149755,33.96,117.6,28.12,96.85,79.2,39.3
前鎮區,2023-07-18,1.0,2,7,夏季,178876,5.5904649030613385,27.28,77.60000000000001,24.61,60.166666666666664,9.600000000000001,3.5333333333333337
前鎮區,2023-07-22,1.0,2,7,夏季,178876,5.5904649030613385,26.480000000000004,77.60000000000001,24.416666666666668,63.96666666666667,7.2,3.5333333333333337
前鎮區,2023-08-23,1.0,2,8,夏季,178747,5.594499488103296,26.160000000000004,73.60000000000001,24.220000000000002,63.300000000000004,8.0,2.966666666666667
前鎮區,2023-08-28,1.0,2,8,夏季,178747,5.594499488103296,26.64,74.4,24.243333333333332,58.73333333333334,12.8,6.88695652173913
前鎮區,2023-08-29,2.0,2,8,夏季,178747,11.188998976206593,33.7,100.0,29.4875,82.41666666666667,20.0,10.0
前鎮區,2023-09-02,2.0,2,9,秋季,178591,11.198772614521449,30.1,90.0,28.962500000000002,85.25,12.0,7.166666666666667
前鎮區,2023-09-03,1.0,2,9,秋季,178591,5.599386307260724,29.1,99.0,27.775000000000002,92.54166666666667,13.0,7.875
前鎮區,2023-09-04,1.0,2,9,秋季,178591,5.599386307260724,27.7,98.0,26.720833333333335,95.83333333333333,5.0,1.5833333333333333
前鎮區,2023-09-05,2.0,2,9,秋季,178591,11.198772614521449,31.0,98.0,28.287499999999998,90.75,11.0,7.583333333333333
前鎮區,2023-09-06,2.0,2,9,秋季,178591,11.198772614521449,31.8,97.0,28.870833333333334,87.08333333333333,19.0,7.2727272727272725
前鎮區,2023-09-07,2.0,2,9,秋季,178591,11.198772614521449,30.8,99.0,27.854166666666668,88.875,13.0,3.625
前鎮區,2023-09-08,1.0,2,9,秋季,178591,5.599386307260724,28.0,100.0,26.041666666666668,96.58333333333333,5.0,1.25
前鎮區,2023-09-09,1.0,2,9,秋季,178591,5.599386307260724,28.9,100.0,25.787499999999998,96.79166666666667,6.0,1.5833333333333333
前鎮區,2023-09-12,1.0,2,9,秋季,178591,5.599386307260724,31.1,94.0,28.583333333333332,83.54166666666667,13.0,8.291666666666666
前鎮區,2023-09-17,1.0,2,9,秋季,178591,5.599386307260724,31.8,88.0,29.53333333333333,80.45833333333333,12.0,6.958333333333333
前鎮區,2023-09-18,1.0,2,9,秋季,178591,5.599386307260724,32.5,91.0,29.883333333333336,80.0,30.0,12.875
前鎮區,2023-09-19,1.0,2,9,秋季,178591,5.599386307260724,31.9,88.0,29.391666666666666,78.75,28.0,11.208333333333334
前鎮區,2023-09-24,2.0,2,9,秋季,178591,11.198772614521449,32.9,88.0,30.3,79.04166666666667,15.0,7.958333333333333
前鎮區,2023-09-28,2.0,2,9,秋季,178591,11.198772614521449,32.2,97.0,29.004166666666666,88.125,15.0,9.041666666666666
前鎮區,2023-09-29,1.0,2,9,秋季,178591,5.599386307260724,32.1,97.0,29.445833333333336,85.29166666666667,40.0,18.375
前鎮區,2023-10-03,2.0,2,10,秋季,178502,11.204356253711444,32.5,82.0,29.25,70.16666666666667,21.0,15.416666666666666
前鎮區,2023-10-05,1.0,2,10,秋季,178502,5.602178126855722,30.0,88.0,28.1375,80.20833333333333,10.0,5.416666666666667
前鎮區,2023-10-06,4.0,2,10,秋季,178502,22.408712507422887,34.44,116.39999999999999,31.925,105.35000000000001,16.8,8.1
前鎮區,2023-10-07,2.0,2,10,秋季,178502,11.204356253711444,31.2,97.0,28.02916666666667,86.625,18.0,9.458333333333334
前鎮區,2023-10-08,3.0,2,10,秋季,178502,16.806534380567165,30.6,93.0,28.454166666666666,85.91666666666667,24.0,13.0
前鎮區,2023-10-09,2.0,2,10,秋季,178502,11.204356253711444,30.4,92.0,28.52916666666667,85.75,16.0,10.416666666666666
前鎮區,2023-10-10,2.0,2,10,秋季,178502,11.204356253711444,30.2,93.0,28.53333333333333,85.33333333333333,32.0,17.625
前鎮區,2023-10-11,2.0,2,10,秋季,178502,11.204356253711444,30.1,92.0,28.929166666666664,80.375,31.0,17.916666666666668
前鎮區,2023-10-13,1.0,2,10,秋季,178502,5.602178126855722,30.1,88.0,28.252173913043475,81.43478260869566,31.0,16.608695652173914
前鎮區,2023-10-14,1.0,2,10,秋季,178502,5.602178126855722,30.3,91.0,28.083333333333332,81.375,29.0,20.041666666666668
前鎮區,2023-10-16,1.0,2,10,秋季,178502,5.602178126855722,29.1,91.0,27.454166666666666,79.375,48.0,36.291666666666664
前鎮區,2023-10-17,2.0,2,10,秋季,178502,11.204356253711444,29.0,90.0,27.400000000000002,83.16666666666667,60.0,37.541666666666664
前鎮區,2023-10-18,1.0,2,10,秋季,178502,5.602178126855722,29.8,90.0,27.6875,79.20833333333333,58.0,30.52173913043478
前鎮區,2023-10-21,3.0,2,10,秋季,178502,16.806534380567165,29.9,87.0,27.608333333333334,77.66666666666667,29.0,16.041666666666668
前鎮區,2023-10-22,1.0,2,10,秋季,178502,5.602178126855722,29.8,84.0,27.962500000000002,76.25,30.0,17.625
前鎮區,2023-10-23,1.0,2,10,秋季,178502,5.602178126855722,30.0,86.0,27.891666666666666,79.45833333333333,24.0,16.541666666666668
前鎮區,2023-10-24,2.0,2,10,秋季,178502,11.204356253711444,30.7,88.0,28.354166666666668,80.33333333333333,28.0,18.708333333333332
前鎮區,2023-10-26,4.0,2,10,秋季,178502,22.408712507422887,35.76,104.39999999999999,33.54782608695652,95.16521739130434,37.199999999999996,20.4
前鎮區,2023-10-28,1.0,2,10,秋季,178502,5.602178126855722,30.5,85.0,27.770833333333332,76.41666666666667,29.0,16.208333333333332
前鎮區,2023-10-29,1.0,2,10,秋季,178502,5.602178126855722,29.9,87.0,27.333333333333332,73.16666666666667,31.0,17.791666666666668
前鎮區,2023-10-30,2.0,2,10,秋季,178502,11.204356253711444,30.6,80.0,27.316666666666666,71.83333333333333,32.0,17.791666666666668
前鎮區,2023-10-31,1.0,2,10,秋季,178502,5.602178126855722,29.4,87.0,27.212500000000002,74.79166666666667,36.0,18.083333333333332
前鎮區,2023-11-02,3.0,2,11,秋季,178396,16.816520549788113,29.6,91.0,27.075,78.08333333333333,31.0,18.875
前鎮區,2023-11-03,4.0,2,11,秋季,178396,22.422027399717486,36.0,104.39999999999999,32.81,91.25,50.4,28.01739130434783
前鎮區,2023-11-04,1.0,2,11,秋季,178396,5.605506849929371,30.1,86.0,27.4875,71.875,42.0,25.958333333333332
前鎮區,2023-11-06,6.0,2,11,秋季,178396,33.633041099576225,37.08,91.2,33.96,78.69999999999999,44.4,27.549999999999997
前鎮區,2023-11-07,6.0,2,11,秋季,178396,33.633041099576225,36.48,104.39999999999999,33.18,93.1,67.2,44.19130434782609
前鎮區,2023-11-08,2.0,2,11,秋季,178396,11.211013699858743,29.1,85.0,27.433333333333334,76.625,48.0,27.708333333333332
前鎮區,2023-11-09,2.0,2,11,秋季,178396,11.211013699858743,29.9,87.0,27.645833333333332,77.70833333333333,39.0,27.833333333333332
前鎮區,2023-11-10,4.0,2,11,秋季,178396,22.422027399717486,38.879999999999995,105.6,34.595,86.55,61.199999999999996,35.55
前鎮區,2023-11-11,4.0,2,11,秋季,178396,22.422027399717486,35.76,104.39999999999999,33.489999999999995,93.1,40.8,29.849999999999998
前鎮區,2023-11-12,11.0,2,11,秋季,178396,61.66057534922307,35.64,103.2,31.835,90.1,50.4,26.849999999999998
前鎮區,2023-11-13,1.0,2,11,秋季,178396,5.605506849929371,27.9,78.0,24.925,67.75,31.0,19.25
前鎮區,2023-11-14,7.0,2,11,秋季,178396,39.238547949505595,33.239999999999995,84.0,29.43,74.75,46.8,20.75
前鎮區,2023-11-15,6.0,2,11,秋季,178396,33.633041099576225,33.36,99.6,30.0,84.8,44.4,26.672727272727272
前鎮區,2023-11-16,4.0,2,11,秋季,178396,22.422027399717486,36.36,94.8,31.085,81.65,31.2,21.9
前鎮區,2023-11-17,2.0,2,11,秋季,178396,11.211013699858743,25.0,69.0,21.787499999999998,55.25,32.0,20.217391304347824
前鎮區,2023-11-18,2.0,2,11,秋季,178396,11.211013699858743,24.7,59.0,21.183333333333334,54.291666666666664,41.0,29.666666666666668
前鎮區,2023-11-19,4.0,2,11,秋季,178396,22.422027399717486,29.4,80.39999999999999,26.285,70.6,44.4,33.449999999999996
前鎮區,2023-11-20,4.0,2,11,秋季,178396,22.422027399717486,31.439999999999998,86.39999999999999,27.589999999999996,71.6,38.4,28.15
前鎮區,2023-11-21,1.0,2,11,秋季,178396,5.605506849929371,27.6,71.0,23.795833333333334,58.916666666666664,42.0,20.333333333333332
前鎮區,2023-11-22,2.0,2,11,秋季,178396,11.211013699858743,28.0,80.0,23.8625,63.166666666666664,43.0,21.916666666666668
前鎮區,2023-11-23,4.0,2,11,秋季,178396,22.422027399717486,32.879999999999995,98.39999999999999,28.846956521739127,75.02608695652174,52.8,29.58260869565217
前鎮區,2023-11-24,1.0,2,11,秋季,178396,5.605506849929371,27.5,83.0,23.808333333333334,65.16666666666667,43.0,26.291666666666668
前鎮區,2023-11-25,2.0,2,11,秋季,178396,11.211013699858743,27.1,76.0,23.895833333333332,64.375,43.0,28.416666666666668
前鎮區,2023-11-26,1.0,2,11,秋季,178396,5.605506849929371,26.8,81.0,23.8,68.375,35.0,23.083333333333332
前鎮區,2023-11-27,5.0,2,11,秋季,178396,28.027534249646852,33.0,102.0,29.415,83.85,70.8,33.3
前鎮區,2023-11-28,2.0,2,11,秋季,178396,11.211013699858743,27.4,76.0,25.008333333333336,68.54166666666667,47.0,30.291666666666668
前鎮區,2023-11-29,1.0,2,11,秋季,178396,5.605506849929371,28.2,85.0,26.020833333333332,67.75,48.0,31.666666666666668
前鎮區,2023-11-30,3.0,2,11,秋季,178396,16.816520549788113,28.7,86.0,25.925,72.58333333333333,51.0,39.583333333333336
前鎮區,2023-12-01,2.0,2,12,冬季,178290,11.21767906220203,26.5,78.0,23.7625,70.70833333333333,43.0,32.30434782608695
前鎮區,2023-12-02,3.0,2,12,冬季,178290,16.826518593303046,26.6,75.0,22.8875,67.33333333333333,40.0,26.666666666666668
前鎮區,2023-12-04,2.0,2,12,冬季,178290,11.21767906220203,27.5,85.0,24.270833333333332,71.20833333333333,44.0,20.375
前鎮區,2023-12-05,1.0,2,12,冬季,178290,5.608839531101015,27.6,87.0,24.066666666666666,75.33333333333333,19.0,14.0
前鎮區,2023-12-06,2.0,2,12,冬季,178290,11.21767906220203,28.0,77.0,23.8,66.66666666666667,29.0,19.666666666666668
前鎮區,2023-12-08,2.0,2,12,冬季,178290,11.21767906220203,27.0,75.0,24.09583333333333,66.70833333333333,35.0,24.08695652173913
前鎮區,2023-12-09,1.0,2,12,冬季,178290,5.608839531101015,29.7,85.0,25.479166666666668,61.291666666666664,41.0,27.625
前鎮區,2023-12-10,1.0,2,12,冬季,178290,5.608839531101015,29.8,84.0,26.47083333333333,68.08333333333333,45.0,31.375
前鎮區,2023-12-11,3.0,2,12,冬季,178290,16.826518593303046,30.2,90.0,27.212500000000002,77.08333333333333,53.0,30.208333333333332
前鎮區,2023-12-12,2.0,2,12,冬季,178290,11.21767906220203,29.5,89.0,26.825,79.79166666666667,43.0,28.416666666666668
前鎮區,2023-12-13,1.0,2,12,冬季,178290,5.608839531101015,27.4,86.0,24.9875,77.45833333333333,36.0,24.0
前鎮區,2023-12-14,1.0,2,12,冬季,178290,5.608839531101015,27.3,90.0,25.045833333333334,82.41666666666667,61.0,37.541666666666664
前鎮區,2023-12-15,2.0,2,12,冬季,178290,11.21767906220203,29.7,92.0,25.833333333333332,76.75,54.0,35.69565217391305
前鎮區,2023-12-16,2.0,2,12,冬季,178290,11.21767906220203,28.5,86.0,24.195833333333336,66.20833333333333,33.0,22.0
前鎮區,2023-12-17,2.0,2,12,冬季,178290,11.21767906220203,22.4,72.0,19.9375,63.583333333333336,26.0,17.375
前鎮區,2023-12-18,1.0,2,12,冬季,178290,5.608839531101015,25.4,83.0,22.21666666666667,65.25,32.0,20.666666666666668
前鎮區,2023-12-19,1.0,2,12,冬季,178290,5.608839531101015,26.9,86.0,23.558333333333334,73.75,30.0,20.130434782608695
前鎮區,2023-12-20,3.0,2,12,冬季,178290,16.826518593303046,21.1,96.0,19.2625,83.625,23.0,14.666666666666666
前鎮區,2023-12-21,2.0,2,12,冬季,178290,11.21767906220203,19.5,81.0,17.633333333333333,72.95833333333333,30.0,17.583333333333332
前鎮區,2023-12-22,3.0,2,12,冬季,178290,16.826518593303046,20.0,72.0,16.341666666666665,61.291666666666664,33.0,21.545454545454547
前鎮區,2023-12-23,1.0,2,12,冬季,178290,5.608839531101015,20.6,79.0,18.754166666666666,65.83333333333333,42.0,31.25
前鎮區,2023-12-24,2.0,2,12,冬季,178290,11.21767906220203,23.5,84.0,19.2625,66.20833333333333,43.0,21.541666666666668
前鎮區,2023-12-25,2.0,2,12,冬季,178290,11.21767906220203,23.3,76.0,18.224999999999998,62.875,37.0,26.625
前鎮區,2023-12-26,1.0,2,12,冬季,178290,5.608839531101015,23.4,76.0,20.275000000000002,61.166666666666664,50.0,36.08695652173913
前鎮區,2023-12-31,1.0,2,12,冬季,178290,5.608839531101015,28.7,93.0,24.25,73.66666666666667,56.0,31.333333333333332
大寮區,2023-08-17,1.0,2,8,夏季,111906,8.936071345593623,27.0,96.0,25.837500000000002,95.70833333333333,21.0,8.791666666666666
大寮區,2023-08-23,2.0,2,8,夏季,111906,17.872142691187246,33.9,87.0,30.520833333333332,74.54166666666667,14.0,6.291666666666667
大寮區,2023-08-24,1.0,2,8,夏季,111906,8.936071345593623,34.7,92.0,29.575,80.16666666666667,28.0,9.708333333333334
大寮區,2023-08-25,4.0,2,8,夏季,111906,35.74428538237449,41.52,111.6,35.85,92.25,24.0,11.85
大寮區,2023-08-26,1.0,2,8,夏季,111906,8.936071345593623,34.6,94.0,29.208333333333332,81.95833333333333,25.0,13.208333333333334
大寮區,2023-08-27,6.0,2,8,夏季,111906,53.61642807356174,40.68,109.2,35.660000000000004,91.2,20.4,8.15
大寮區,2023-08-28,4.0,2,8,夏季,111906,35.74428538237449,41.76,109.2,36.419999999999995,88.2,28.799999999999997,13.249999999999998
大寮區,2023-08-29,5.0,2,8,夏季,111906,44.68035672796812,42.12,116.39999999999999,34.71,100.8,26.4,16.65
大寮區,2023-08-30,1.0,2,8,夏季,111906,8.936071345593623,32.6,97.0,28.46666666666667,90.79166666666667,31.0,21.09090909090909
大寮區,2023-09-01,2.0,2,9,秋季,111910,17.871503887052093,34.3,98.0,29.204166666666666,83.58333333333333,15.0,6.583333333333333
大寮區,2023-09-02,2.0,2,9,秋季,111910,17.871503887052093,31.4,96.0,29.041666666666668,87.875,18.0,10.916666666666666
大寮區,2023-09-03,1.0,2,9,秋季,111910,8.935751943526046,28.0,98.0,27.370833333333334,95.70833333333333,16.0,7.708333333333333
大寮區,2023-09-04,1.0,2,9,秋季,111910,8.935751943526046,28.0,98.0,26.775,96.45,4.0,1.1
大寮區,2023-09-06,1.0,2,9,秋季,111910,8.935751943526046,32.6,98.0,29.025000000000002,86.29166666666667,10.0,5.478260869565218
大寮區,2023-09-07,2.0,2,9,秋季,111910,17.871503887052093,33.2,98.0,28.058333333333334,88.16666666666667,15.0,6.0
大寮區,2023-09-09,1.0,2,9,秋季,111910,8.935751943526046,28.9,98.0,25.854166666666668,96.04166666666667,6.0,2.5
大寮區,2023-09-10,3.0,2,9,秋季,111910,26.807255830578143,34.44,117.6,32.17,112.3,15.6,5.6000000000000005
大寮區,2023-09-13,1.0,2,9,秋季,111910,8.935751943526046,33.2,97.0,29.354166666666668,79.5,33.0,14.083333333333334
大寮區,2023-09-14,1.0,2,9,秋季,111910,8.935751943526046,32.4,94.0,29.400000000000002,81.08333333333333,30.0,18.0
大寮區,2023-09-23,2.0,2,9,秋季,111910,17.871503887052093,33.0,96.0,29.141666666666666,87.75,39.0,20.708333333333332
大寮區,2023-09-25,1.0,2,9,秋季,111910,8.935751943526046,33.3,97.0,29.7,85.08333333333333,15.0,10.75
大寮區,2023-09-26,1.0,2,9,秋季,111910,8.935751943526046,33.6,98.0,29.75,83.375,18.0,10.291666666666666
大寮區,2023-09-27,1.0,2,9,秋季,111910,8.935751943526046,33.5,98.0,29.400000000000002,84.54166666666667,14.0,7.565217391304348
大寮區,2023-09-29,2.0,2,9,秋季,111910,17.871503887052093,34.2,98.0,29.77916666666667,84.375,35.0,20.041666666666668
大寮區,2023-10-01,3.0,2,10,秋季,111923,26.80414213343102,40.32,114.0,36.2,100.10000000000001,38.4,18.349999999999998
大寮區,2023-10-02,4.0,2,10,秋季,111923,35.738856177908026,39.84,115.19999999999999,35.17,103.05,31.2,13.47272727272727
大寮區,2023-10-03,2.0,2,10,秋季,111923,17.869428088954013,34.4,86.0,29.400000000000002,73.375,25.0,15.541666666666666
大寮區,2023-10-04,2.0,2,10,秋季,111923,17.869428088954013,29.3,92.0,27.849999999999998,87.0,17.0,10.916666666666666
大寮區,2023-10-05,2.0,2,10,秋季,111923,17.869428088954013,31.2,88.0,28.320833333333336,81.58333333333333,7.0,2.8333333333333335
大寮區,2023-10-06,4.0,2,10,秋季,111923,35.738856177908026,34.44,117.6,31.305,110.75,13.2,7.4
大寮區,2023-10-07,1.0,2,10,秋季,111923,8.934714044477007,33.0,98.0,28.108333333333334,86.70833333333333,17.0,9.08695652173913
大寮區,2023-10-10,1.0,2,10,秋季,111923,8.934714044477007,31.3,96.0,28.900000000000002,83.58333333333333,46.0,18.916666666666668
大寮區,2023-10-12,2.0,2,10,秋季,111923,17.869428088954013,31.1,88.0,28.17916666666667,80.0,35.0,19.166666666666668
大寮區,2023-10-13,1.0,2,10,秋季,111923,8.934714044477007,31.6,93.0,28.3,80.25,24.0,13.875
大寮區,2023-10-14,1.0,2,10,秋季,111923,8.934714044477007,31.8,93.0,27.983333333333334,82.58333333333333,49.0,26.666666666666668
大寮區,2023-10-15,1.0,2,10,秋季,111923,8.934714044477007,29.8,92.0,27.445833333333336,83.625,28.0,16.208333333333332
大寮區,2023-10-17,2.0,2,10,秋季,111923,17.869428088954013,29.5,93.0,26.8875,84.41666666666667,69.0,43.95652173913044
大寮區,2023-10-19,1.0,2,10,秋季,111923,8.934714044477007,32.0,96.0,27.90833333333333,77.33333333333333,44.0,32.541666666666664
大寮區,2023-10-20,2.0,2,10,秋季,111923,17.869428088954013,31.7,92.0,27.866666666666664,76.54166666666667,39.0,25.416666666666668
大寮區,2023-10-22,2.0,2,10,秋季,111923,17.869428088954013,30.9,94.0,27.712500000000002,80.70833333333333,43.0,23.333333333333332
大寮區,2023-10-23,1.0,2,10,秋季,111923,8.934714044477007,31.4,94.0,27.816666666666666,80.375,32.0,21.272727272727273
大寮區,2023-10-24,1.0,2,10,秋季,111923,8.934714044477007,32.7,96.0,28.483333333333334,79.125,26.0,19.458333333333332
大寮區,2023-10-25,1.0,2,10,秋季,111923,8.934714044477007,31.3,91.0,28.741666666666664,79.29166666666667,49.0,25.875
大寮區,2023-10-27,2.0,2,10,秋季,111923,17.869428088954013,29.5,95.0,27.041666666666668,81.91666666666667,30.0,19.208333333333332
大寮區,2023-10-28,2.0,2,10,秋季,111923,17.869428088954013,30.5,96.0,27.521052631578947,80.05263157894737,26.0,18.210526315789473
大寮區,2023-10-29,2.0,2,10,秋季,111923,17.869428088954013,30.8,96.0,26.9875,79.54166666666667,35.0,23.041666666666668
大寮區,2023-10-31,3.0,2,10,秋季,111923,26.80414213343102,37.56,112.8,32.589999999999996,91.35,38.4,22.8
大寮區,2023-11-01,1.0,2,11,秋季,111916,8.935272883233853,31.7,92.0,27.27916666666667,76.625,33.0,22.083333333333332
大寮區,2023-11-02,5.0,2,11,秋季,111916,44.67636441616927,37.56,114.0,32.629999999999995,91.05,38.4,24.35
大寮區,2023-11-03,4.0,2,11,秋季,111916,35.741091532935414,37.92,109.2,32.794999999999995,87.85,55.199999999999996,29.799999999999997
大寮區,2023-11-05,3.0,2,11,秋季,111916,26.80581864970156,38.879999999999995,109.2,33.22,86.25,49.199999999999996,36.35
大寮區,2023-11-06,3.0,2,11,秋季,111916,26.80581864970156,38.76,106.8,33.47,86.75,46.8,30.549999999999997
大寮區,2023-11-07,4.0,2,11,秋季,111916,35.741091532935414,36.72,110.39999999999999,32.86,95.45,63.599999999999994,36.26086956521739
大寮區,2023-11-08,3.0,2,11,秋季,111916,26.80581864970156,36.96,111.6,32.97,92.25,45.6,32.3
大寮區,2023-11-09,3.0,2,11,秋季,111916,26.80581864970156,37.8,112.8,33.28,91.3,57.599999999999994,35.4
大寮區,2023-11-11,2.0,2,11,秋季,111916,17.870545766467707,31.0,92.0,27.829166666666666,78.875,31.0,22.166666666666668
大寮區,2023-11-12,2.0,2,11,秋季,111916,17.870545766467707,31.0,91.0,26.554166666666664,74.79166666666667,45.0,22.666666666666668
大寮區,2023-11-13,6.0,2,11,秋季,111916,53.61163729940312,34.08,96.0,29.764999999999993,82.05,40.8,22.7
大寮區,2023-11-14,3.0,2,11,秋季,111916,26.80581864970156,34.32,91.2,29.155,77.45,40.8,25.254545454545454
大寮區,2023-11-15,2.0,2,11,秋季,111916,17.870545766467707,29.2,89.0,24.979166666666668,71.54166666666667,39.0,22.458333333333332
大寮區,2023-11-21,1.0,2,11,秋季,111916,8.935272883233853,29.9,82.0,23.579166666666666,60.625,41.0,21.304347826086957
大寮區,2023-11-23,1.0,2,11,秋季,111916,8.935272883233853,29.8,85.0,23.745833333333334,61.833333333333336,37.0,21.458333333333332
大寮區,2023-11-24,1.0,2,11,秋季,111916,8.935272883233853,28.6,87.0,23.275000000000002,68.375,45.0,25.75
大寮區,2023-11-26,2.0,2,11,秋季,111916,17.870545766467707,28.1,89.0,23.520833333333332,70.125,34.0,22.875
大寮區,2023-11-28,1.0,2,11,秋季,111916,8.935272883233853,28.9,86.0,25.020833333333332,72.45833333333333,50.0,32.77272727272727
大寮區,2023-11-29,1.0,2,11,秋季,111916,8.935272883233853,29.3,94.0,25.587500000000002,73.45833333333333,46.0,33.333333333333336
大寮區,2023-11-30,1.0,2,11,秋季,111916,8.935272883233853,30.1,93.0,25.912499999999998,72.83333333333333,52.0,36.5
大寮區,2023-12-01,1.0,2,12,冬季,111986,8.92968763952637,27.2,82.0,23.995833333333334,72.875,48.0,32.166666666666664
大寮區,2023-12-02,1.0,2,12,冬季,111986,8.92968763952637,28.9,76.0,23.224999999999998,67.875,36.0,25.458333333333332
大寮區,2023-12-04,4.0,2,12,冬季,111986,35.71875055810548,34.08,108.0,28.839999999999996,90.1,74.39999999999999,27.286956521739132
大寮區,2023-12-05,1.0,2,12,冬季,111986,8.92968763952637,29.4,91.0,24.525000000000002,74.79166666666667,26.0,14.75
大寮區,2023-12-06,5.0,2,12,冬季,111986,44.64843819763185,35.16,100.8,28.705000000000002,83.0,40.8,24.999999999999996
大寮區,2023-12-08,1.0,2,12,冬季,111986,8.92968763952637,27.8,88.0,23.962500000000002,71.375,47.0,28.541666666666668
大寮區,2023-12-09,2.0,2,12,冬季,111986,17.85937527905274,31.8,90.0,25.320833333333336,63.291666666666664,43.0,23.916666666666668
大寮區,2023-12-10,1.0,2,12,冬季,111986,8.92968763952637,30.4,89.0,26.03333333333333,70.625,53.0,31.666666666666668
大寮區,2023-12-11,1.0,2,12,冬季,111986,8.92968763952637,31.9,92.0,27.09166666666667,78.0,58.0,27.869565217391305
大寮區,2023-12-13,2.0,2,12,冬季,111986,17.85937527905274,29.2,92.0,25.145833333333332,78.5,52.0,29.333333333333332
大寮區,2023-12-14,1.0,2,12,冬季,111986,8.92968763952637,28.9,94.0,25.133333333333336,81.95833333333333,79.0,42.541666666666664
大寮區,2023-12-16,1.0,2,12,冬季,111986,8.92968763952637,29.7,93.0,24.150000000000002,68.54166666666667,40.0,24.416666666666668
大寮區,2023-12-17,1.0,2,12,冬季,111986,8.92968763952637,23.3,76.0,20.041666666666668,64.83333333333333,28.0,18.291666666666668
大寮區,2023-12-19,1.0,2,12,冬季,111986,8.92968763952637,28.1,88.0,23.604166666666668,72.625,25.0,19.0
大寮區,2023-12-21,1.0,2,12,冬季,111986,8.92968763952637,20.8,89.0,17.858333333333334,73.83333333333333,30.0,18.333333333333332
大寮區,2023-12-24,1.0,2,12,冬季,111986,8.92968763952637,25.5,86.0,19.575,66.0,41.0,22.666666666666668
大寮區,2023-12-27,1.0,2,12,冬季,111986,8.92968763952637,25.3,91.0,21.691666666666666,70.66666666666667,56.0,43.208333333333336
大寮區,2023-12-29,1.0,2,12,冬季,111986,8.92968763952637,28.1,96.0,22.391666666666666,81.08333333333333,48.0,29.875
大寮區,2023-12-30,1.0,2,12,冬季,111986,8.92968763952637,25.5,94.0,21.52916666666667,82.5,44.0,24.458333333333332
大寮區,2023-12-31,4.0,2,12,冬季,111986,35.71875055810548,35.04,115.19999999999999,29.025,90.0,51.6,25.15
小港區,2023-07-27,1.0,2,7,夏季,155026,6.450530878691316,27.2,97.0,26.454166666666666,95.08333333333333,5.0,3.1666666666666665
小港區,2023-08-03,1.0,2,8,夏季,155066,6.448866934079682,32.5,94.0,30.570833333333336,89.125,26.0,11.875
小港區,2023-08-04,1.0,2,8,夏季,155066,6.448866934079682,32.4,94.0,30.5625,89.625,17.0,12.391304347826088
小港區,2023-08-05,1.0,2,8,夏季,155066,6.448866934079682,32.7,97.0,30.7375,92.04166666666667,21.0,14.625
小港區,2023-08-06,2.0,2,8,夏季,155066,12.897733868159364,32.2,96.0,30.724999999999998,91.83333333333333,23.0,17.0
小港區,2023-08-07,2.0,2,8,夏季,155066,12.897733868159364,29.9,97.0,28.287499999999998,96.41666666666667,20.0,13.208333333333334
小港區,2023-08-09,1.0,2,8,夏季,155066,6.448866934079682,31.4,98.0,29.037499999999998,94.20833333333333,16.0,11.125
小港區,2023-08-11,1.0,2,8,夏季,155066,6.448866934079682,29.2,97.0,28.045833333333334,95.91666666666667,32.0,11.083333333333334
小港區,2023-08-13,1.0,2,8,夏季,155066,6.448866934079682,32.4,97.0,29.333333333333332,93.20833333333333,15.0,9.541666666666666
小港區,2023-08-19,1.0,2,8,夏季,155066,6.448866934079682,30.6,97.0,28.116666666666664,94.29166666666667,25.0,9.916666666666666
小港區,2023-08-20,2.0,2,8,夏季,155066,12.897733868159364,33.6,97.0,29.995833333333334,86.75,11.0,4.458333333333333
小港區,2023-08-21,2.0,2,8,夏季,155066,12.897733868159364,33.4,97.0,30.695833333333336,85.95833333333333,7.0,2.6666666666666665
小港區,2023-08-26,1.0,2,8,夏季,155066,6.448866934079682,33.6,97.0,29.84583333333333,86.66666666666667,28.0,12.625
小港區,2023-08-31,1.0,2,8,夏季,155066,6.448866934079682,31.4,89.0,28.5625,78.75,21.0,11.041666666666666
小港區,2023-09-01,1.0,2,9,秋季,155042,6.449865197817365,34.1,87.0,30.03333333333333,73.58333333333333,14.0,6.083333333333333
小港區,2023-09-03,1.0,2,9,秋季,155042,6.449865197817365,29.4,95.0,28.170833333333334,88.625,17.0,8.833333333333334
小港區,2023-09-07,2.0,2,9,秋季,155042,12.89973039563473,32.0,94.0,28.491666666666664,80.79166666666667,13.0,5.208333333333333
小港區,2023-09-08,1.0,2,9,秋季,155042,6.449865197817365,28.6,94.0,26.695652173913043,89.30434782608695,12.0,4.217391304347826
小港區,2023-09-10,3.0,2,9,秋季,155042,19.349595593452097,29.7,93.0,27.616666666666664,85.5,22.0,7.625
小港區,2023-09-11,2.0,2,9,秋季,155042,12.89973039563473,31.6,93.0,28.570833333333336,80.625,17.0,9.304347826086957
小港區,2023-09-12,2.0,2,9,秋季,155042,12.89973039563473,32.0,89.0,29.079166666666666,76.45833333333333,17.0,8.416666666666666
小港區,2023-09-14,1.0,2,9,秋季,155042,6.449865197817365,32.5,86.0,29.6375,75.75,22.0,13.375
小港區,2023-09-16,1.0,2,9,秋季,155042,6.449865197817365,34.1,92.0,29.691666666666666,76.5,19.0,8.958333333333334
小港區,2023-09-17,2.0,2,9,秋季,155042,12.89973039563473,32.2,82.0,29.97083333333333,72.66666666666667,15.0,8.375
小港區,2023-09-19,1.0,2,9,秋季,155042,6.449865197817365,33.3,85.0,30.020833333333332,71.54166666666667,18.0,10.708333333333334
小港區,2023-09-21,2.0,2,9,秋季,155042,12.89973039563473,33.2,83.0,30.9875,70.91666666666667,21.0,9.583333333333334
小港區,2023-09-22,3.0,2,9,秋季,155042,19.349595593452097,33.4,83.0,30.920833333333334,74.29166666666667,32.0,14.958333333333334
小港區,2023-09-28,3.0,2,9,秋季,155042,19.349595593452097,32.9,91.0,29.429166666666664,81.45833333333333,14.0,8.826086956521738
小港區,2023-09-29,3.0,2,9,秋季,155042,19.349595593452097,33.0,92.0,29.925,79.58333333333333,36.0,18.5
小港區,2023-09-30,3.0,2,9,秋季,155042,19.349595593452097,33.5,88.0,30.65833333333333,76.83333333333333,31.0,17.82608695652174
小港區,2023-10-01,4.0,2,10,秋季,155034,25.80079208431699,40.559999999999995,102.0,36.935,91.95,25.2,18.75
小港區,2023-10-02,2.0,2,10,秋季,155034,12.900396042158494,33.1,83.0,30.445833333333336,73.75,23.0,15.875
小港區,2023-10-03,2.0,2,10,秋季,155034,12.900396042158494,32.9,80.0,29.570833333333336,67.5,25.0,17.25
小港區,2023-10-04,3.0,2,10,秋季,155034,19.350594063237743,28.9,90.0,27.849999999999998,83.08333333333333,18.0,12.5
小港區,2023-10-05,2.0,2,10,秋季,155034,12.900396042158494,30.5,89.0,28.120833333333334,78.79166666666667,12.0,6.916666666666667
小港區,2023-10-07,3.0,2,10,秋季,155034,19.350594063237743,32.1,95.0,28.275000000000002,81.75,19.0,11.166666666666666
小港區,2023-10-08,2.0,2,10,秋季,155034,12.900396042158494,30.9,90.0,28.458333333333332,81.83333333333333,26.0,14.375
小港區,2023-10-11,2.0,2,10,秋季,155034,12.900396042158494,30.8,88.0,29.245833333333334,74.125,28.0,17.583333333333332
小港區,2023-10-13,3.0,2,10,秋季,155034,19.350594063237743,30.8,81.0,28.662499999999998,75.04166666666667,26.0,17.73913043478261
小港區,2023-10-15,3.0,2,10,秋季,155034,19.350594063237743,29.9,82.0,28.170833333333334,75.5,36.0,18.5
小港區,2023-10-16,1.0,2,10,秋季,155034,6.450198021079247,29.5,87.0,27.558333333333334,75.5,52.0,33.708333333333336
小港區,2023-10-17,1.0,2,10,秋季,155034,6.450198021079247,29.2,85.0,27.520833333333332,77.66666666666667,56.0,36.34782608695652
小港區,2023-10-18,2.0,2,10,秋季,155034,12.900396042158494,29.8,89.0,27.650000000000002,77.58333333333333,54.0,31.166666666666668
小港區,2023-10-19,7.0,2,10,秋季,155034,45.15138614755473,36.72,103.2,33.735,88.25,60.0,36.55
小港區,2023-10-20,3.0,2,10,秋季,155034,19.350594063237743,30.9,82.0,28.266666666666666,72.20833333333333,35.0,24.166666666666668
小港區,2023-10-21,1.0,2,10,秋季,155034,6.450198021079247,30.5,84.0,27.833333333333332,74.375,107.0,21.916666666666668
小港區,2023-10-22,3.0,2,10,秋季,155034,19.350594063237743,30.1,83.0,28.020833333333332,74.70833333333333,32.0,19.916666666666668
小港區,2023-10-23,2.0,2,10,秋季,155034,12.900396042158494,30.5,86.0,27.933333333333334,77.08333333333333,29.0,18.791666666666668
小港區,2023-10-24,3.0,2,10,秋季,155034,19.350594063237743,31.6,88.0,28.4875,76.75,27.0,19.5
小港區,2023-10-25,3.0,2,10,秋季,155034,19.350594063237743,30.5,85.0,28.645833333333332,77.04166666666667,44.0,26.434782608695652
小港區,2023-10-26,1.0,2,10,秋季,155034,6.450198021079247,30.2,90.0,28.1875,78.83333333333333,32.0,20.708333333333332
小港區,2023-10-29,1.0,2,10,秋季,155034,6.450198021079247,30.1,89.0,27.46666666666667,74.375,38.0,21.25
小港區,2023-10-30,2.0,2,10,秋季,155034,12.900396042158494,30.7,85.0,27.4375,73.375,27.0,20.26086956521739
小港區,2023-10-31,4.0,2,10,秋季,155034,25.80079208431699,35.52,104.39999999999999,32.64,90.89999999999999,51.6,26.713043478260868
小港區,2023-11-02,5.0,2,11,秋季,154970,32.26430922113958,35.76,118.8,32.595,95.85,39.6,26.243478260869566
小港區,2023-11-03,3.0,2,11,秋季,154970,19.358585532683744,30.5,94.0,27.441666666666666,78.125,48.0,25.0
小港區,2023-11-04,7.0,2,11,秋季,154970,45.170032909595406,36.239999999999995,109.2,33.169999999999995,85.6,56.4,30.249999999999996
小港區,2023-11-05,4.0,2,11,秋季,154970,25.811447376911662,36.48,103.2,33.26499999999999,87.24999999999999,40.8,32.349999999999994
小港區,2023-11-06,4.0,2,11,秋季,154970,25.811447376911662,36.96,99.6,34.005,82.6,48.0,30.549999999999997
小港區,2023-11-07,1.0,2,11,秋季,154970,6.4528618442279155,30.2,91.0,27.6875,80.70833333333333,54.0,32.391304347826086
小港區,2023-11-08,9.0,2,11,秋季,154970,58.075756598051235,34.8,105.6,33.0,92.3,50.4,30.4
小港區,2023-11-09,5.0,2,11,秋季,154970,32.26430922113958,35.64,116.39999999999999,33.135,103.05,48.0,34.5
小港區,2023-11-10,2.0,2,11,秋季,154970,12.905723688455831,31.7,98.0,28.570833333333336,80.5,50.0,29.26086956521739
小港區,2023-11-11,2.0,2,11,秋季,154970,12.905723688455831,29.6,100.0,27.8125,88.25,36.0,23.375
小港區,2023-11-12,2.0,2,11,秋季,154970,12.905723688455831,30.1,100.0,26.770833333333332,80.66666666666667,42.0,22.958333333333332
小港區,2023-11-13,2.0,2,11,秋季,154970,12.905723688455831,28.5,78.0,25.191666666666666,67.04166666666667,40.0,21.125
小港區,2023-11-14,4.0,2,11,秋季,154970,25.811447376911662,33.48,85.2,29.644999999999996,75.89999999999999,55.199999999999996,23.45
小港區,2023-11-15,3.0,2,11,秋季,154970,19.358585532683744,27.7,83.0,25.0625,71.66666666666667,38.0,21.333333333333332
小港區,2023-11-16,7.0,2,11,秋季,154970,45.170032909595406,36.36,103.2,31.01,84.2,31.2,19.669565217391302
小港區,2023-11-17,2.0,2,11,秋季,154970,12.905723688455831,24.9,73.0,21.8625,58.416666666666664,29.0,19.347826086956523
小港區,2023-11-18,5.0,2,11,秋季,154970,32.26430922113958,29.16,76.8,25.544999999999998,69.1,52.8,34.199999999999996
小港區,2023-11-19,3.0,2,11,秋季,154970,19.358585532683744,24.2,71.0,21.8875,61.375,35.0,26.041666666666668
小港區,2023-11-20,6.0,2,11,秋季,154970,38.71717106536749,31.439999999999998,90.0,27.529999999999998,74.05,39.6,28.05
小港區,2023-11-21,5.0,2,11,秋季,154970,32.26430922113958,32.879999999999995,92.39999999999999,28.43,72.94999999999999,44.4,22.599999999999998
小港區,2023-11-22,8.0,2,11,秋季,154970,51.622894753823324,33.239999999999995,104.39999999999999,28.505,78.3,54.0,26.13913043478261
小港區,2023-11-23,2.0,2,11,秋季,154970,12.905723688455831,27.3,81.0,23.974999999999998,62.791666666666664,41.0,22.666666666666668
小港區,2023-11-24,8.0,2,11,秋季,154970,51.622894753823324,32.4,104.39999999999999,28.525,79.85000000000001,50.4,30.5
小港區,2023-11-25,2.0,2,11,秋季,154970,12.905723688455831,26.7,81.0,23.820833333333336,67.04166666666667,48.0,30.5
小港區,2023-11-26,3.0,2,11,秋季,154970,19.358585532683744,26.2,90.0,23.5125,71.375,34.0,23.333333333333332
小港區,2023-11-27,1.0,2,11,秋季,154970,6.4528618442279155,27.7,99.0,24.53333333333333,75.95833333333333,34.0,26.043478260869566
小港區,2023-11-29,3.0,2,11,秋季,154970,19.358585532683744,27.9,90.0,25.929166666666664,71.66666666666667,51.0,34.36363636363637
小港區,2023-11-30,5.0,2,11,秋季,154970,32.26430922113958,34.56,111.6,31.195,89.60000000000001,63.599999999999994,46.9
小港區,2023-12-01,3.0,2,12,冬季,155009,19.353714945583803,26.5,79.0,24.037499999999998,71.95833333333333,43.0,33.375
小港區,2023-12-02,3.0,2,12,冬季,155009,19.353714945583803,26.9,75.0,23.099999999999998,68.79166666666667,41.0,28.291666666666668
小港區,2023-12-03,6.0,2,12,冬季,155009,38.70742989116761,32.4,96.0,28.475,85.14999999999999,58.8,39.8
小港區,2023-12-04,3.0,2,12,冬季,155009,19.353714945583803,27.1,88.0,24.1375,74.95833333333333,52.0,21.75
小港區,2023-12-06,1.0,2,12,冬季,155009,6.451238315194602,27.9,79.0,23.8,68.95833333333333,33.0,20.375
小港區,2023-12-07,1.0,2,12,冬季,155009,6.451238315194602,25.8,80.0,23.3125,67.0,31.0,22.458333333333332
小港區,2023-12-10,1.0,2,12,冬季,155009,6.451238315194602,28.8,86.0,26.287499999999998,70.54166666666667,48.0,29.666666666666668
小港區,2023-12-11,1.0,2,12,冬季,155009,6.451238315194602,30.6,95.0,27.070833333333336,80.5,72.0,30.291666666666668
小港區,2023-12-12,2.0,2,12,冬季,155009,12.902476630389204,29.6,96.0,26.870833333333334,86.16666666666667,41.0,29.347826086956523
小港區,2023-12-13,1.0,2,12,冬季,155009,6.451238315194602,27.4,92.0,25.170833333333334,85.41666666666667,44.0,25.791666666666668
小港區,2023-12-15,4.0,2,12,冬季,155009,25.804953260778408,35.279999999999994,120.0,30.93,97.2,60.0,38.65
小港區,2023-12-16,1.0,2,12,冬季,155009,6.451238315194602,28.6,93.0,24.45,68.70833333333333,31.0,22.208333333333332
小港區,2023-12-17,1.0,2,12,冬季,155009,6.451238315194602,21.8,80.0,19.9125,67.625,30.0,18.833333333333332
小港區,2023-12-21,2.0,2,12,冬季,155009,12.902476630389204,19.7,86.0,17.8125,73.41666666666667,26.0,17.583333333333332
小港區,2023-12-23,2.0,2,12,冬季,155009,12.902476630389204,20.3,83.0,18.5625,67.875,40.0,29.875
小港區,2023-12-24,2.0,2,12,冬季,155009,12.902476630389204,23.4,90.0,19.275,68.83333333333333,39.0,20.916666666666668
小港區,2023-12-28,1.0,2,12,冬季,155009,6.451238315194602,25.2,100.0,22.287499999999998,82.75,38.0,15.173913043478262
左營區,2023-07-03,1.0,1,7,夏季,197023,5.075549555128082,26.8,64.0,25.056666666666672,58.766666666666666,5.6000000000000005,2.8333333333333335
左營區,2023-07-07,1.0,1,7,夏季,197023,5.075549555128082,26.560000000000002,66.4,25.103333333333335,61.23333333333334,16.8,10.966666666666669
左營區,2023-07-27,1.0,1,7,夏季,197023,5.075549555128082,22.560000000000002,74.4,21.593333333333334,70.63333333333334,8.0,4.166666666666667
左營區,2023-08-02,1.0,1,8,夏季,197009,5.075910237603358,25.52,70.4,24.126666666666665,66.36666666666666,18.400000000000002,12.266666666666667
左營區,2023-08-07,2.0,1,8,夏季,197009,10.151820475206716,30.6,96.0,28.829166666666666,89.125,23.0,12.291666666666666
左營區,2023-08-10,1.0,1,8,夏季,197009,5.075910237603358,23.680000000000003,77.60000000000001,22.288000000000004,73.9,14.4,7.478260869565218
左營區,2023-08-11,1.0,1,8,夏季,197009,5.075910237603358,23.44,76.0,22.898461538461543,69.11304347826088,13.600000000000001,8.366666666666667
左營區,2023-08-12,2.0,1,8,夏季,197009,10.151820475206716,33.3,88.0,29.978571428571428,77.25,15.0,9.26086956521739
左營區,2023-08-14,1.0,1,8,夏季,197009,5.075910237603358,26.64,71.2,23.982857142857142,67.0,19.200000000000003,9.566666666666668
左營區,2023-08-15,1.0,1,8,夏季,197009,5.075910237603358,26.64,71.2,23.982857142857142,67.9,15.200000000000001,10.066666666666668
左營區,2023-08-16,1.0,1,8,夏季,197009,5.075910237603358,26.64,73.60000000000001,23.982857142857142,69.77391304347826,17.6,10.608695652173914
左營區,2023-08-17,1.0,1,8,夏季,197009,5.075910237603358,21.52,77.60000000000001,21.061818181818182,72.36363636363636,15.200000000000001,8.0
左營區,2023-08-18,3.0,1,8,夏季,197009,15.227730712810073,29.6,93.0,27.483333333333334,84.95833333333333,22.0,11.208333333333334
左營區,2023-08-19,3.0,1,8,夏季,197009,15.227730712810073,30.1,93.0,27.59166666666667,85.25,19.0,8.041666666666666
左營區,2023-08-20,1.0,1,8,夏季,197009,5.075910237603358,25.92,72.8,23.53,62.53333333333334,11.200000000000001,4.666666666666667
左營區,2023-08-21,1.0,1,8,夏季,197009,5.075910237603358,25.6,75.2,23.92,63.63333333333334,9.600000000000001,3.8666666666666667
左營區,2023-08-23,1.0,1,8,夏季,197009,5.075910237603358,26.24,66.4,24.33666666666667,59.266666666666666,10.4,4.566666666666666
左營區,2023-08-28,1.0,1,8,夏季,197009,5.075910237603358,26.0,64.8,24.333333333333336,56.23333333333334,12.0,7.533333333333333
左營區,2023-08-29,2.0,1,8,夏季,197009,10.151820475206716,33.1,94.0,29.666666666666668,79.04166666666667,19.0,12.791666666666666
左營區,2023-08-31,1.0,1,8,夏季,197009,5.075910237603358,24.96,74.4,22.736666666666668,65.66666666666667,8.8,4.800000000000001
左營區,2023-09-01,2.0,1,9,秋季,196953,10.154706960543885,33.7,90.0,29.6875,77.125,16.0,8.291666666666666
左營區,2023-09-03,1.0,1,9,秋季,196953,5.077353480271943,23.200000000000003,78.4,22.283333333333335,73.96666666666667,13.600000000000001,9.0
左營區,2023-09-04,1.0,1,9,秋季,196953,5.077353480271943,22.400000000000002,78.4,21.516666666666666,75.2,7.2,4.166666666666667
左營區,2023-09-06,3.0,1,9,秋季,196953,15.232060440815829,32.3,96.0,29.104166666666668,84.16666666666667,14.0,10.333333333333334
左營區,2023-09-07,2.0,1,9,秋季,196953,10.154706960543885,30.6,99.0,27.71666666666667,88.95833333333333,17.0,7.625
左營區,2023-09-08,3.0,1,9,秋季,196953,15.232060440815829,27.8,99.0,26.120833333333334,95.25,12.0,4.708333333333333
左營區,2023-09-09,3.0,1,9,秋季,196953,15.232060440815829,28.7,98.0,25.941666666666666,94.45833333333333,7.0,4.291666666666667
左營區,2023-09-10,4.0,1,9,秋季,196953,20.30941392108777,28.2,99.0,26.795833333333334,91.91666666666667,11.0,6.666666666666667
左營區,2023-09-11,1.0,1,9,秋季,196953,5.077353480271943,24.16,79.2,22.293333333333333,69.03333333333335,15.200000000000001,8.8
左營區,2023-09-12,1.0,1,9,秋季,196953,5.077353480271943,25.12,72.8,23.03666666666667,63.56666666666666,11.200000000000001,8.066666666666668
左營區,2023-09-13,1.0,1,9,秋季,196953,5.077353480271943,24.480000000000004,71.2,23.016666666666666,62.400000000000006,13.600000000000001,8.833333333333334
左營區,2023-09-14,1.0,1,9,秋季,196953,5.077353480271943,24.72,73.60000000000001,23.176666666666666,63.63333333333334,20.8,12.700000000000001
左營區,2023-09-16,1.0,1,9,秋季,196953,5.077353480271943,26.32,71.2,23.633333333333336,61.36666666666667,20.0,9.633333333333333
左營區,2023-09-17,1.0,1,9,秋季,196953,5.077353480271943,25.36,68.0,23.78,61.63333333333334,20.0,9.066666666666668
左營區,2023-09-18,2.0,1,9,秋季,196953,10.154706960543885,31.9,91.0,29.84583333333333,77.0,32.0,15.217391304347826
左營區,2023-09-19,2.0,1,9,秋季,196953,10.154706960543885,31.9,85.0,29.604166666666668,74.45833333333333,27.0,13.521739130434783
左營區,2023-09-20,2.0,1,9,秋季,196953,10.154706960543885,31.6,86.0,29.650000000000002,77.25,24.0,14.541666666666666
左營區,2023-09-21,3.0,1,9,秋季,196953,15.232060440815829,32.0,88.0,30.120833333333334,77.45833333333333,21.0,12.958333333333334
左營區,2023-09-22,2.0,1,9,秋季,196953,10.154706960543885,32.1,92.0,29.958333333333332,82.0,43.0,16.5
左營區,2023-09-23,1.0,1,9,秋季,196953,5.077353480271943,25.52,73.60000000000001,23.950000000000003,65.33333333333334,25.6,14.53913043478261
左營區,2023-09-24,1.0,1,9,秋季,196953,5.077353480271943,25.760000000000005,72.0,24.00666666666667,64.46666666666667,16.8,9.166666666666668
左營區,2023-09-25,2.0,1,9,秋季,196953,10.154706960543885,31.7,89.0,30.145833333333332,81.41666666666667,16.0,10.565217391304348
左營區,2023-09-26,3.0,1,9,秋季,196953,15.232060440815829,32.0,91.0,30.045833333333334,80.16666666666667,24.0,12.208333333333334
左營區,2023-09-27,1.0,1,9,秋季,196953,5.077353480271943,25.6,68.0,23.973333333333336,63.03333333333334,16.8,9.533333333333333
左營區,2023-09-28,1.0,1,9,秋季,196953,5.077353480271943,25.92,77.60000000000001,23.453333333333333,67.46666666666667,16.0,10.700000000000001
左營區,2023-09-30,1.0,1,9,秋季,196953,5.077353480271943,25.760000000000005,73.60000000000001,24.103333333333335,64.4,29.6,16.866666666666667
左營區,2023-10-01,1.0,1,10,秋季,197026,5.075472272694975,26.080000000000002,70.4,24.21666666666667,63.800000000000004,21.6,13.266666666666666
左營區,2023-10-02,2.0,1,10,秋季,197026,10.15094454538995,32.5,83.0,30.1125,75.45833333333333,29.0,18.75
左營區,2023-10-04,2.0,1,10,秋季,197026,10.15094454538995,28.2,90.0,27.5125,86.875,21.0,16.391304347826086
左營區,2023-10-06,1.0,1,10,秋季,197026,5.075472272694975,23.12,78.4,21.183333333333337,70.4,13.600000000000001,6.966666666666668
左營區,2023-10-07,2.0,1,10,秋季,197026,10.15094454538995,30.7,98.0,27.5,88.0,23.0,12.541666666666666
左營區,2023-10-08,2.0,1,10,秋季,197026,10.15094454538995,30.3,100.0,27.45,91.54166666666667,30.0,16.708333333333332
左營區,2023-10-09,2.0,1,10,秋季,197026,10.15094454538995,30.2,100.0,27.875,89.33333333333333,23.0,13.333333333333334
左營區,2023-10-10,1.0,1,10,秋季,197026,5.075472272694975,23.680000000000003,78.4,22.450000000000003,69.33333333333334,29.6,17.333333333333336
左營區,2023-10-11,2.0,1,10,秋季,197026,10.15094454538995,30.0,89.0,28.525000000000002,79.625,34.0,23.136363636363637
左營區,2023-10-12,2.0,1,10,秋季,197026,10.15094454538995,29.6,85.0,27.370833333333334,77.79166666666667,39.0,21.958333333333332
左營區,2023-10-14,2.0,1,10,秋季,197026,10.15094454538995,29.8,91.0,27.72083333333333,80.29166666666667,35.0,23.791666666666668
左營區,2023-10-16,2.0,1,10,秋季,197026,10.15094454538995,28.6,87.0,26.7375,76.0,59.0,41.0
左營區,2023-10-17,3.0,1,10,秋季,197026,15.226416818084923,28.9,83.0,27.0125,78.0,63.0,42.666666666666664
左營區,2023-10-18,1.0,1,10,秋季,197026,5.075472272694975,23.52,70.4,21.773333333333337,61.7,49.6,30.66666666666667
左營區,2023-10-19,2.0,1,10,秋季,197026,10.15094454538995,29.5,86.0,27.662499999999998,73.375,53.0,33.5
左營區,2023-10-20,3.0,1,10,秋季,197026,15.226416818084923,29.7,83.0,27.599999999999998,74.54166666666667,30.0,22.708333333333332
左營區,2023-10-21,1.0,1,10,秋季,197026,5.075472272694975,23.36,70.4,21.346666666666668,61.6,24.8,16.066666666666666
左營區,2023-10-22,2.0,1,10,秋季,197026,10.15094454538995,29.3,81.0,27.400000000000002,74.54166666666667,31.0,21.416666666666668
左營區,2023-10-23,1.0,1,10,秋季,197026,5.075472272694975,23.6,71.2,21.853333333333335,63.43333333333334,27.200000000000003,15.3
左營區,2023-10-24,1.0,1,10,秋季,197026,5.075472272694975,24.16,74.4,22.05,64.73333333333333,25.6,17.669565217391305
左營區,2023-10-25,1.0,1,10,秋季,197026,5.075472272694975,23.52,71.2,22.28,63.86666666666667,40.800000000000004,27.16666666666667
左營區,2023-10-26,3.0,1,10,秋季,197026,15.226416818084923,29.4,89.0,27.420833333333334,80.58333333333333,37.0,22.125
左營區,2023-10-27,2.0,1,10,秋季,197026,10.15094454538995,29.1,89.0,27.075,78.25,32.0,21.75
左營區,2023-10-30,4.0,1,10,秋季,197026,20.3018890907799,29.7,86.0,26.400000000000002,74.91666666666667,32.0,19.75
左營區,2023-11-01,1.0,1,11,秋季,197078,5.074133084362536,24.32,68.0,21.633333333333336,59.33333333333334,26.400000000000002,17.2
左營區,2023-11-02,1.0,1,11,秋季,197078,5.074133084362536,23.44,72.8,21.346666666666668,63.03333333333334,28.0,17.466666666666665
左營區,2023-11-03,2.0,1,11,秋季,197078,10.148266168725073,28.8,89.0,26.545833333333334,79.33333333333333,40.0,23.958333333333332
左營區,2023-11-04,1.0,1,11,秋季,197078,5.074133084362536,23.680000000000003,68.8,21.540000000000003,59.666666666666664,32.0,20.900000000000002
左營區,2023-11-05,3.0,1,11,秋季,197078,15.222399253087609,30.2,83.0,27.349999999999998,72.29166666666667,42.0,27.833333333333332
左營區,2023-11-06,5.0,1,11,秋季,197078,25.37066542181268,37.08,96.0,33.26499999999999,83.15,43.199999999999996,28.591304347826085
左營區,2023-11-07,1.0,1,11,秋季,197078,5.074133084362536,24.240000000000002,68.0,21.740000000000002,60.96666666666667,43.2,29.233333333333334
左營區,2023-11-08,4.0,1,11,秋季,197078,20.296532337450145,28.4,86.0,26.616666666666664,78.70833333333333,45.0,28.583333333333332
左營區,2023-11-09,1.0,1,11,秋季,197078,5.074133084362536,23.6,71.2,21.596666666666668,63.46666666666667,33.6,25.76666666666667
左營區,2023-11-11,3.0,1,11,秋季,197078,15.222399253087609,29.1,89.0,26.90416666666667,79.91666666666667,35.0,25.416666666666668
左營區,2023-11-12,4.0,1,11,秋季,197078,20.296532337450145,29.1,88.0,25.683333333333334,75.20833333333333,31.0,20.375
左營區,2023-11-13,1.0,1,11,秋季,197078,5.074133084362536,21.76,65.60000000000001,19.14,55.23333333333334,21.6,15.026086956521741
左營區,2023-11-14,5.0,1,11,秋季,197078,25.37066542181268,32.76,91.2,28.29,78.24999999999999,37.199999999999996,23.849999999999998
左營區,2023-11-15,1.0,1,11,秋季,197078,5.074133084362536,21.92,68.0,19.436666666666667,58.43333333333334,34.4,17.6
左營區,2023-11-16,3.0,1,11,秋季,197078,15.222399253087609,29.6,86.0,25.108333333333334,71.29166666666667,23.0,17.434782608695652
左營區,2023-11-17,6.0,1,11,秋季,197078,30.444798506175218,29.639999999999997,86.39999999999999,25.169999999999998,66.94999999999999,43.199999999999996,27.4
左營區,2023-11-18,5.0,1,11,秋季,197078,25.37066542181268,28.56,75.6,24.005,67.15,49.199999999999996,37.599999999999994
左營區,2023-11-19,6.0,1,11,秋季,197078,30.444798506175218,28.56,90.0,25.234999999999996,73.85,54.0,37.65
左營區,2023-11-20,2.0,1,11,秋季,197078,10.148266168725073,25.3,81.0,22.195833333333336,65.0,38.0,26.625
左營區,2023-11-21,6.0,1,11,秋季,197078,30.444798506175218,32.279999999999994,100.8,27.624999999999996,80.0,51.6,27.0
左營區,2023-11-22,1.0,1,11,秋季,197078,5.074133084362536,21.680000000000003,68.0,18.583333333333336,53.900000000000006,36.0,20.765217391304347
左營區,2023-11-23,1.0,1,11,秋季,197078,5.074133084362536,21.76,68.8,18.7,52.766666666666666,40.0,21.366666666666667
左營區,2023-11-24,3.0,1,11,秋季,197078,15.222399253087609,26.7,85.0,23.40833333333333,66.45833333333333,45.0,28.208333333333332
左營區,2023-11-26,1.0,1,11,秋季,197078,5.074133084362536,20.96,67.2,18.43,57.93333333333334,31.200000000000003,20.96666666666667
左營區,2023-11-27,2.0,1,11,秋季,197078,10.148266168725073,26.8,89.0,23.479166666666668,73.95833333333333,37.0,26.0
左營區,2023-11-29,1.0,1,11,秋季,197078,5.074133084362536,22.16,69.60000000000001,20.343333333333334,56.900000000000006,34.4,25.530434782608697
左營區,2023-11-30,2.0,1,11,秋季,197078,10.148266168725073,27.4,89.0,24.958333333333332,75.625,42.0,35.375
左營區,2023-12-02,1.0,1,12,冬季,197276,5.06904032928486,20.560000000000002,64.0,17.516666666666666,57.6,36.0,21.233333333333334
左營區,2023-12-03,1.0,1,12,冬季,197276,5.06904032928486,20.72,67.2,18.020000000000003,60.23333333333334,33.6,24.233333333333334
左營區,2023-12-04,1.0,1,12,冬季,197276,5.06904032928486,21.44,70.4,18.6,60.166666666666664,40.0,16.233333333333334
左營區,2023-12-06,1.0,1,12,冬季,197276,5.06904032928486,22.0,64.8,18.436666666666667,56.83333333333334,23.200000000000003,17.7
左營區,2023-12-07,3.0,1,12,冬季,197276,15.207120987854578,26.0,80.0,22.662499999999998,66.20833333333333,44.0,24.291666666666668
左營區,2023-12-08,1.0,1,12,冬季,197276,5.06904032928486,20.560000000000002,64.8,18.653333333333332,57.43333333333334,35.2,22.504347826086956
左營區,2023-12-09,2.0,1,12,冬季,197276,10.13808065856972,28.2,88.0,24.52916666666667,64.20833333333333,49.0,30.875
左營區,2023-12-10,2.0,1,12,冬季,197276,10.13808065856972,28.2,83.0,25.59583333333333,72.41666666666667,49.0,31.333333333333332
左營區,2023-12-12,1.0,1,12,冬季,197276,5.06904032928486,22.8,71.2,20.593333333333334,65.93333333333334,34.4,22.330434782608698
左營區,2023-12-13,1.0,1,12,冬季,197276,5.06904032928486,21.52,68.8,19.236666666666668,63.96666666666667,39.2,19.8
左營區,2023-12-14,1.0,1,12,冬季,197276,5.06904032928486,21.6,75.2,19.303333333333335,68.26666666666667,45.6,25.86666666666667
左營區,2023-12-15,2.0,1,12,冬季,197276,10.13808065856972,28.6,95.0,25.141666666666666,79.33333333333333,52.0,34.208333333333336
左營區,2023-12-17,2.0,1,12,冬季,197276,10.13808065856972,22.5,75.0,19.083333333333332,65.95833333333333,30.0,20.208333333333332
左營區,2023-12-18,1.0,1,12,冬季,197276,5.06904032928486,19.52,68.8,16.793333333333333,58.1,28.8,16.347826086956523
左營區,2023-12-19,1.0,1,12,冬季,197276,5.06904032928486,20.96,72.0,17.95,63.0,23.200000000000003,16.6
左營區,2023-12-20,1.0,1,12,冬季,197276,5.06904032928486,16.240000000000002,76.80000000000001,14.593333333333334,68.53333333333335,20.8,12.200000000000001
左營區,2023-12-22,1.0,1,12,冬季,197276,5.06904032928486,15.440000000000001,59.2,12.246666666666666,50.03333333333333,28.8,20.133333333333336
左營區,2023-12-29,1.0,1,12,冬季,197276,5.06904032928486,20.560000000000002,76.80000000000001,16.69666666666667,69.23333333333333,28.8,24.033333333333335
左營區,2023-12-30,1.0,1,12,冬季,197276,5.06904032928486,18.16,76.80000000000001,16.13,72.5,39.2,28.3
林園區,2023-08-21,1.0,2,8,夏季,68354,14.629721742692455,33.1,98.0,30.047619047619047,86.95238095238095,4.0,0.9523809523809523
林園區,2023-08-23,1.0,2,8,夏季,68354,14.629721742692455,33.2,98.0,30.474999999999998,78.70833333333333,7.0,3.2083333333333335
林園區,2023-09-28,1.0,2,9,秋季,68328,14.635288607891347,33.2,98.0,29.295833333333334,84.33333333333333,13.0,8.458333333333334
林園區,2023-11-22,1.0,2,11,秋季,68254,14.651155976206521,28.1,86.0,23.537499999999998,61.625,42.0,20.541666666666668
林園區,2023-11-30,1.0,2,11,秋季,68254,14.651155976206521,28.7,97.0,25.96666666666667,72.5,55.0,36.291666666666664
楠梓區,2023-08-23,1.0,1,8,夏季,192667,5.190302438923116,27.439999999999998,71.2,24.533333333333335,61.63333333333334,11.200000000000001,2.5
楠梓區,2023-08-27,1.0,1,8,夏季,192667,5.190302438923116,27.680000000000003,68.8,24.276666666666667,59.166666666666664,11.200000000000001,5.333333333333334
楠梓區,2023-08-28,1.0,1,8,夏季,192667,5.190302438923116,28.080000000000002,70.4,24.556666666666672,57.86666666666667,10.4,5.0
楠梓區,2023-09-01,1.0,1,9,秋季,192777,5.187340813478786,27.439999999999998,76.0,23.520000000000003,65.93333333333334,11.200000000000001,5.356521739130436
楠梓區,2023-09-02,1.0,1,9,秋季,192777,5.187340813478786,25.760000000000005,75.2,23.486666666666668,68.43333333333334,12.0,6.800000000000001
楠梓區,2023-09-03,1.0,1,9,秋季,192777,5.187340813478786,23.28,76.80000000000001,22.203333333333333,73.5,9.600000000000001,6.0
楠梓區,2023-09-04,1.0,1,9,秋季,192777,5.187340813478786,22.400000000000002,76.80000000000001,21.516666666666666,75.10000000000001,5.6000000000000005,1.866666666666667
楠梓區,2023-09-05,1.0,1,9,秋季,192777,5.187340813478786,25.44,76.0,23.026666666666667,69.5,9.600000000000001,4.733333333333333
楠梓區,2023-09-07,2.0,1,9,秋季,192777,10.374681626957573,30.9,96.0,27.375,90.95833333333333,17.0,6.666666666666667
楠梓區,2023-09-17,1.0,1,9,秋季,192777,5.187340813478786,27.439999999999998,68.0,24.333333333333336,58.56666666666666,21.6,8.333333333333334
楠梓區,2023-09-24,1.0,1,9,秋季,192777,5.187340813478786,27.360000000000003,70.4,24.433333333333337,61.766666666666666,21.6,7.666666666666668
楠梓區,2023-09-25,1.0,1,9,秋季,192777,5.187340813478786,26.880000000000003,72.8,24.373333333333335,64.83333333333334,11.200000000000001,8.1
楠梓區,2023-09-26,3.0,1,9,秋季,192777,15.562022440436358,33.8,91.0,30.633333333333336,77.16666666666667,16.0,9.333333333333334
楠梓區,2023-09-27,1.0,1,9,秋季,192777,5.187340813478786,27.28,70.4,24.253333333333334,62.6,13.600000000000001,7.433333333333334
楠梓區,2023-09-28,4.0,1,9,秋季,192777,20.749363253915146,40.08,114.0,35.114999999999995,101.9,19.2,13.982608695652173
楠梓區,2023-09-29,2.0,1,9,秋季,192777,10.374681626957573,33.4,92.0,29.65416666666667,81.41666666666667,22.0,14.5
楠梓區,2023-09-30,2.0,1,9,秋季,192777,10.374681626957573,34.1,91.0,30.483333333333334,78.54166666666667,25.0,16.291666666666668
楠梓區,2023-10-02,2.0,1,10,秋季,192888,10.368711376550122,34.6,88.0,30.320833333333336,74.95833333333333,23.0,14.791666666666666
楠梓區,2023-10-04,2.0,1,10,秋季,192888,10.368711376550122,28.2,82.0,27.337500000000002,73.58333333333333,18.0,12.333333333333334
楠梓區,2023-10-05,1.0,1,10,秋季,192888,5.184355688275061,24.240000000000002,67.2,22.6,62.43333333333334,10.4,4.4
楠梓區,2023-10-07,2.0,1,10,秋季,192888,10.368711376550122,31.9,94.0,27.77916666666667,84.41666666666667,16.0,8.166666666666666
楠梓區,2023-10-09,1.0,1,10,秋季,192888,5.184355688275061,25.040000000000003,76.0,22.58666666666667,67.9,12.8,6.833333333333333
楠梓區,2023-10-12,1.0,1,10,秋季,192888,5.184355688275061,24.96,68.0,22.35,59.86666666666667,24.8,13.252173913043478
楠梓區,2023-10-13,2.0,1,10,秋季,192888,10.368711376550122,31.4,88.0,28.325,77.29166666666667,24.0,16.708333333333332
楠梓區,2023-10-14,1.0,1,10,秋季,192888,5.184355688275061,25.680000000000003,72.0,22.48,61.39130434782609,19.200000000000003,14.433333333333335
楠梓區,2023-10-15,1.0,1,10,秋季,192888,5.184355688275061,24.8,71.2,22.19,60.56666666666666,29.6,21.566666666666666
楠梓區,2023-10-16,2.0,1,10,秋季,192888,10.368711376550122,30.2,83.0,27.0125,63.92307692307692,43.0,35.791666666666664
楠梓區,2023-10-17,2.0,1,10,秋季,192888,10.368711376550122,29.6,87.0,27.116666666666664,80.20833333333333,58.0,35.25
楠梓區,2023-10-18,2.0,1,10,秋季,192888,10.368711376550122,30.9,90.0,27.641666666666666,75.83333333333333,46.0,29.5
楠梓區,2023-10-19,2.0,1,10,秋季,192888,10.368711376550122,31.7,86.0,28.145833333333332,73.29166666666667,50.0,29.375
楠梓區,2023-10-21,1.0,1,10,秋季,192888,5.184355688275061,25.200000000000003,69.60000000000001,21.650000000000002,60.5,21.6,11.3
楠梓區,2023-10-23,1.0,1,10,秋季,192888,5.184355688275061,25.200000000000003,68.0,21.95666666666667,60.166666666666664,20.0,11.866666666666667
楠梓區,2023-10-26,2.0,1,10,秋季,192888,10.368711376550122,31.0,89.0,27.733333333333334,78.08333333333333,30.0,20.291666666666668
楠梓區,2023-10-27,1.0,1,10,秋季,192888,5.184355688275061,24.32,70.4,21.766666666666666,61.666666666666664,21.6,15.033333333333335
楠梓區,2023-10-29,1.0,1,10,秋季,192888,5.184355688275061,24.560000000000002,70.4,21.516666666666666,59.81818181818181,28.8,15.9
楠梓區,2023-10-31,3.0,1,10,秋季,192888,15.553067064825186,30.7,90.0,26.50909090909091,75.13636363636364,25.0,14.727272727272727
楠梓區,2023-11-02,1.0,1,11,秋季,192944,5.182850982668547,24.72,72.0,21.266666666666666,62.83333333333334,30.400000000000002,14.733333333333334
楠梓區,2023-11-03,1.0,1,11,秋季,192944,5.182850982668547,24.72,72.0,21.42,61.0,26.400000000000002,14.8
楠梓區,2023-11-06,4.0,1,11,秋季,192944,20.731403930674187,32.1,84.0,27.825,70.45833333333333,34.0,19.083333333333332
楠梓區,2023-11-08,2.0,1,11,秋季,192944,10.365701965337093,29.8,88.0,26.837500000000002,77.25,40.0,22.5
楠梓區,2023-11-09,3.0,1,11,秋季,192944,15.548552948005637,31.4,89.0,27.22083333333333,77.58333333333333,41.0,24.956521739130434
楠梓區,2023-11-10,3.0,1,11,秋季,192944,15.548552948005637,33.3,90.0,28.320833333333336,72.45833333333333,34.0,19.666666666666668
楠梓區,2023-11-12,1.0,1,11,秋季,192944,5.182850982668547,24.0,72.0,20.28666666666667,61.56666666666666,20.0,11.633333333333333
楠梓區,2023-11-13,3.0,1,11,秋季,192944,15.548552948005637,28.6,86.0,23.775000000000002,70.25,25.0,13.666666666666666
楠梓區,2023-11-14,1.0,1,11,秋季,192944,5.182850982668547,22.72,65.60000000000001,18.826666666666664,53.900000000000006,19.200000000000003,11.066666666666668
楠梓區,2023-11-15,4.0,1,11,秋季,192944,20.731403930674187,28.9,89.0,24.195833333333336,75.875,34.0,17.25
楠梓區,2023-11-16,3.0,1,11,秋季,192944,15.548552948005637,30.2,88.0,24.90833333333333,73.95833333333333,21.0,11.458333333333334
楠梓區,2023-11-18,3.0,1,11,秋季,192944,15.548552948005637,25.1,76.0,19.720833333333335,62.666666666666664,36.0,25.666666666666668
楠梓區,2023-11-19,1.0,1,11,秋季,192944,5.182850982668547,20.0,66.4,16.62333333333333,52.06666666666666,34.4,21.066666666666666
楠梓區,2023-11-21,2.0,1,11,秋季,192944,10.365701965337093,28.2,85.0,22.77916666666667,67.58333333333333,33.0,17.916666666666668
楠梓區,2023-11-22,1.0,1,11,秋季,192944,5.182850982668547,22.72,68.8,18.413333333333334,54.43333333333334,35.2,16.1
楠梓區,2023-11-23,1.0,1,11,秋季,192944,5.182850982668547,22.8,68.0,18.44,55.7,33.6,14.933333333333335
楠梓區,2023-11-24,2.0,1,11,秋季,192944,10.365701965337093,28.2,87.0,23.150000000000002,70.16666666666667,38.0,23.625
楠梓區,2023-11-26,2.0,1,11,秋季,192944,10.365701965337093,27.6,87.0,22.791666666666668,75.04166666666667,46.0,21.666666666666668
楠梓區,2023-11-28,1.0,1,11,秋季,192944,5.182850982668547,22.560000000000002,69.60000000000001,19.226666666666667,59.53333333333334,31.200000000000003,19.933333333333337
楠梓區,2023-11-29,2.0,1,11,秋季,192944,10.365701965337093,28.7,88.0,25.458333333333332,71.70833333333333,44.0,25.541666666666668
楠梓區,2023-11-30,1.0,1,11,秋季,192944,5.182850982668547,23.44,72.0,20.033333333333335,60.900000000000006,32.0,24.333333333333336
楠梓區,2023-12-01,3.0,1,12,冬季,193139,15.532854576237838,26.1,86.0,22.258333333333336,78.45833333333333,33.0,22.181818181818183
楠梓區,2023-12-02,2.0,1,12,冬季,193139,10.355236384158559,27.4,86.0,21.849999999999998,73.375,32.0,19.666666666666668
楠梓區,2023-12-03,2.0,1,12,冬季,193139,10.355236384158559,26.0,88.0,22.1375,78.91666666666667,43.0,25.5
楠梓區,2023-12-05,1.0,1,12,冬季,193139,5.177618192079279,22.880000000000003,72.0,18.676666666666666,63.400000000000006,14.4,8.200000000000001
楠梓區,2023-12-06,1.0,1,12,冬季,193139,5.177618192079279,21.52,68.8,17.986666666666668,60.96666666666667,23.200000000000003,14.766666666666666
楠梓區,2023-12-08,1.0,1,12,冬季,193139,5.177618192079279,21.76,69.60000000000001,18.6,58.5,29.6,19.266666666666666
楠梓區,2023-12-09,1.0,1,12,冬季,193139,5.177618192079279,24.240000000000002,70.4,19.733333333333334,53.53333333333334,26.400000000000002,17.033333333333335
楠梓區,2023-12-10,3.0,1,12,冬季,193139,15.532854576237838,30.7,86.0,25.979166666666668,71.79166666666667,41.0,23.791666666666668
楠梓區,2023-12-11,1.0,1,12,冬季,193139,5.177618192079279,23.680000000000003,69.60000000000001,21.13,62.86666666666667,35.2,26.400000000000002
楠梓區,2023-12-17,1.0,1,12,冬季,193139,5.177618192079279,19.12,67.2,15.173333333333332,54.33333333333334,19.200000000000003,11.666666666666668
楠梓區,2023-12-21,1.0,1,12,冬季,193139,5.177618192079279,14.56,71.2,12.979999999999999,63.666666666666664,20.8,9.527272727272727
楠梓區,2023-12-25,1.0,1,12,冬季,193139,5.177618192079279,18.64,72.0,13.513333333333334,56.900000000000006,28.8,19.433333333333337
楠梓區,2023-12-27,1.0,1,12,冬季,193139,5.177618192079279,19.12,76.0,16.523333333333333,65.33333333333334,36.800000000000004,27.0
橋頭區,2023-09-04,1.0,1,9,秋季,41488,24.103355187042037,33.72,120.0,31.819999999999997,115.6,6.0,2.5
橋頭區,2023-09-12,1.0,1,9,秋季,41488,24.103355187042037,36.72,115.19999999999999,33.82,100.10000000000001,22.8,10.43478260869565
橋頭區,2023-09-24,1.0,1,9,秋季,41488,24.103355187042037,39.84,110.39999999999999,36.255,94.6,37.199999999999996,12.2
橋頭區,2023-09-29,1.0,1,9,秋季,41488,24.103355187042037,40.199999999999996,114.0,35.36,98.8,25.2,17.95
橋頭區,2023-09-30,1.0,1,9,秋季,41488,24.103355187042037,39.48,112.8,36.26,96.75,36.0,20.55
橋頭區,2023-10-16,1.0,1,10,秋季,41605,24.03557264751833,36.839999999999996,102.0,32.355000000000004,91.14999999999999,64.8,49.65
橋頭區,2023-10-28,1.0,1,10,秋季,41605,24.03557264751833,37.56,105.6,33.2,89.85,40.8,27.599999999999998
橋頭區,2023-11-08,1.0,1,11,秋季,41685,23.989444644356485,35.52,105.6,32.375,89.8,54.0,33.65
橋頭區,2023-11-09,1.0,1,11,秋季,41685,23.989444644356485,37.92,109.2,32.985,90.85,58.8,34.95652173913043
美濃區,2023-10-02,1.0,1,10,秋季,36575,27.341079972658918,40.440000000000005,120.0,34.275,108.6,20.4,13.0
美濃區,2023-10-07,1.0,1,10,秋季,36575,27.341079972658918,38.879999999999995,116.39999999999999,31.989999999999995,103.05,14.399999999999999,5.6499999999999995
美濃區,2023-10-16,1.0,1,10,秋季,36575,27.341079972658918,34.56,116.39999999999999,31.595,102.1,45.6,29.269565217391303
美濃區,2023-11-03,1.0,1,11,秋季,36550,27.359781121751023,37.68,120.0,31.564999999999994,95.7,44.4,25.45
美濃區,2023-11-04,1.0,1,11,秋季,36550,27.359781121751023,39.0,117.6,31.9,92.0,40.8,26.7
鳳山區,2023-06-30,1.0,2,6,夏季,356713,2.8033741411162474,27.200000000000003,69.60000000000001,24.98,58.13333333333334,8.8,5.066666666666666
鳳山區,2023-07-12,1.0,2,7,夏季,356762,2.802989107584328,27.760000000000005,75.2,24.223333333333336,61.53333333333334,9.600000000000001,5.333333333333334
鳳山區,2023-07-14,1.0,2,7,夏季,356762,2.802989107584328,28.560000000000002,72.8,24.753333333333334,61.13333333333334,9.600000000000001,6.9818181818181815
鳳山區,2023-07-31,1.0,2,7,夏季,356762,2.802989107584328,27.04,77.60000000000001,23.373333333333335,68.16666666666667,15.200000000000001,7.733333333333333
鳳山區,2023-08-09,1.0,2,8,夏季,356594,2.804309663090237,26.080000000000002,79.2,23.340000000000003,71.33333333333334,8.8,4.521739130434783
鳳山區,2023-08-15,2.0,2,8,夏季,356594,5.608619326180474,31.9,99.0,28.34166666666667,93.75,24.0,8.583333333333334
鳳山區,2023-08-18,1.0,2,8,夏季,356594,2.804309663090237,23.44,80.0,21.790000000000003,76.3,16.8,8.0
鳳山區,2023-08-21,1.0,2,8,夏季,356594,2.804309663090237,28.080000000000002,78.4,24.666666666666668,63.300000000000004,3.2,1.2333333333333334
鳳山區,2023-08-29,1.0,2,8,夏季,356594,2.804309663090237,28.400000000000002,79.2,23.78,65.3,15.200000000000001,8.333333333333334
鳳山區,2023-09-01,2.0,2,9,秋季,356397,5.6117195150352,33.5,99.0,29.75,81.66666666666667,12.0,5.708333333333333
鳳山區,2023-09-02,3.0,2,9,秋季,356397,8.4175792725528,32.5,97.0,29.650000000000002,85.75,18.0,8.541666666666666
鳳山區,2023-09-03,1.0,2,9,秋季,356397,2.8058597575176,23.040000000000003,80.0,22.120000000000005,77.53333333333335,11.200000000000001,6.066666666666666
鳳山區,2023-09-04,2.0,2,9,秋季,356397,5.6117195150352,27.7,100.0,26.712500000000002,99.70833333333333,6.0,2.1666666666666665
鳳山區,2023-09-05,3.0,2,9,秋季,356397,8.4175792725528,31.3,100.0,28.445833333333336,94.33333333333333,9.0,4.625
鳳山區,2023-09-09,1.0,2,9,秋季,356397,2.8058597575176,23.040000000000003,80.0,20.64666666666667,79.33333333333334,4.0,1.4333333333333336
鳳山區,2023-09-12,1.0,2,9,秋季,356397,2.8058597575176,26.080000000000002,76.80000000000001,23.18,63.5,11.200000000000001,6.233333333333334
鳳山區,2023-09-15,1.0,2,9,秋季,356397,2.8058597575176,26.8,80.0,23.13,65.2,23.200000000000003,11.636363636363637
鳳山區,2023-09-18,2.0,2,9,秋季,356397,5.6117195150352,34.3,93.0,30.25,74.58333333333333,25.0,13.833333333333334
鳳山區,2023-09-19,1.0,2,9,秋季,356397,2.8058597575176,27.439999999999998,73.60000000000001,24.200000000000003,57.1,18.400000000000002,10.678260869565218
鳳山區,2023-09-20,3.0,2,9,秋季,356397,8.4175792725528,34.1,90.0,30.620833333333334,71.20833333333333,20.0,13.956521739130435
鳳山區,2023-09-22,3.0,2,9,秋季,356397,8.4175792725528,34.4,92.0,31.108333333333334,73.625,27.0,14.0
鳳山區,2023-09-23,3.0,2,9,秋季,356397,8.4175792725528,33.7,93.0,30.333333333333332,79.79166666666667,27.0,17.791666666666668
鳳山區,2023-09-24,3.0,2,9,秋季,356397,8.4175792725528,34.8,93.0,30.754166666666666,74.04166666666667,19.0,9.666666666666666
鳳山區,2023-09-25,2.0,2,9,秋季,356397,5.6117195150352,33.5,97.0,30.483333333333334,79.625,15.0,8.291666666666666
鳳山區,2023-09-26,2.0,2,9,秋季,356397,5.6117195150352,33.7,98.0,30.329166666666666,76.91666666666667,12.0,8.041666666666666
鳳山區,2023-09-27,5.0,2,9,秋季,356397,14.029298787587997,34.5,97.0,30.104166666666668,80.125,21.0,10.291666666666666
鳳山區,2023-09-28,2.0,2,9,秋季,356397,5.6117195150352,33.4,98.0,29.458333333333332,83.70833333333333,24.0,12.434782608695652
鳳山區,2023-09-29,1.0,2,9,秋季,356397,2.8058597575176,27.200000000000003,76.80000000000001,23.986666666666668,63.6,26.400000000000002,15.466666666666667
鳳山區,2023-09-30,2.0,2,9,秋季,356397,5.6117195150352,33.9,94.0,30.84583333333333,75.625,31.0,16.791666666666668
鳳山區,2023-10-01,2.0,2,10,秋季,356463,5.610680491383397,34.6,93.0,30.733333333333334,77.0,23.0,14.708333333333334
鳳山區,2023-10-02,2.0,2,10,秋季,356463,5.610680491383397,33.4,91.0,30.175,76.04166666666667,26.0,14.416666666666666
鳳山區,2023-10-03,2.0,2,10,秋季,356463,5.610680491383397,34.0,86.0,29.604166666666668,64.91666666666667,22.0,15.666666666666666
鳳山區,2023-10-04,1.0,2,10,秋季,356463,2.8053402456916987,23.200000000000003,76.0,22.266666666666666,72.10000000000001,15.200000000000001,10.066666666666668
鳳山區,2023-10-05,1.0,2,10,秋季,356463,2.8053402456916987,24.32,71.2,22.533333333333335,66.3,9.600000000000001,3.8666666666666667
鳳山區,2023-10-06,2.0,2,10,秋季,356463,5.610680491383397,28.8,99.0,26.258333333333336,89.75,10.0,6.0
鳳山區,2023-10-07,1.0,2,10,秋季,356463,2.8053402456916987,26.24,78.4,22.776666666666667,65.3,17.6,7.2
鳳山區,2023-10-08,2.0,2,10,秋季,356463,5.610680491383397,32.1,97.0,28.520833333333332,84.20833333333333,23.0,11.583333333333334
鳳山區,2023-10-09,1.0,2,10,秋季,356463,2.8053402456916987,25.6,76.80000000000001,23.276666666666667,63.56666666666666,11.200000000000001,5.933333333333334
鳳山區,2023-10-10,1.0,2,10,秋季,356463,2.8053402456916987,25.28,75.2,23.40666666666667,60.2,25.6,11.700000000000001
鳳山區,2023-10-11,1.0,2,10,秋季,356463,2.8053402456916987,25.760000000000005,75.2,23.50666666666667,57.46666666666667,26.400000000000002,13.233333333333334
鳳山區,2023-10-12,2.0,2,10,秋季,356463,5.610680491383397,31.0,78.0,28.5125,68.25,34.0,18.5
鳳山區,2023-10-13,4.0,2,10,秋季,356463,11.221360982766795,31.5,90.0,28.71666666666667,73.04166666666667,29.0,14.458333333333334
鳳山區,2023-10-14,5.0,2,10,秋季,356463,14.026701228458494,32.7,92.0,28.587500000000002,74.08333333333333,30.0,20.75
鳳山區,2023-10-15,6.0,2,10,秋季,356463,16.83204147415019,30.4,90.0,28.09166666666667,76.25,32.0,18.416666666666668
鳳山區,2023-10-16,4.0,2,10,秋季,356463,11.221360982766795,29.9,91.0,27.683333333333334,70.79166666666667,51.0,33.375
鳳山區,2023-10-17,4.0,2,10,秋季,356463,11.221360982766795,29.6,92.0,27.266666666666666,81.75,63.0,38.791666666666664
鳳山區,2023-10-18,4.0,2,10,秋季,356463,11.221360982766795,30.7,94.0,27.84166666666667,73.58333333333333,47.0,25.818181818181817
鳳山區,2023-10-19,3.0,2,10,秋季,356463,8.416020737075096,32.4,90.0,28.541666666666668,69.33333333333333,39.0,26.958333333333332
鳳山區,2023-10-20,3.0,2,10,秋季,356463,8.416020737075096,31.5,89.0,28.445833333333336,70.5,32.0,22.833333333333332
鳳山區,2023-10-21,4.0,2,10,秋季,356463,11.221360982766795,31.8,91.0,28.125,71.66666666666667,32.0,16.375
鳳山區,2023-10-22,1.0,2,10,秋季,356463,2.8053402456916987,25.28,72.8,22.69,56.6,24.0,16.166666666666668
鳳山區,2023-10-23,3.0,2,10,秋季,356463,8.416020737075096,31.3,93.0,28.1375,75.95833333333333,30.0,18.59090909090909
鳳山區,2023-10-24,1.0,2,10,秋季,356463,2.8053402456916987,26.32,75.2,22.98,60.86666666666667,24.8,15.933333333333335
鳳山區,2023-10-25,1.0,2,10,秋季,356463,2.8053402456916987,25.52,73.60000000000001,23.39666666666667,57.93333333333334,33.6,21.033333333333335
鳳山區,2023-10-26,5.0,2,10,秋季,356463,14.026701228458494,31.8,92.0,28.46666666666667,72.16666666666667,35.0,20.454545454545453
鳳山區,2023-10-27,5.0,2,10,秋季,356463,14.026701228458494,30.7,92.0,27.71666666666667,73.875,24.0,17.5
鳳山區,2023-10-28,1.0,2,10,秋季,356463,2.8053402456916987,25.040000000000003,74.4,22.48,58.03333333333334,21.6,13.533333333333335
鳳山區,2023-10-29,3.0,2,10,秋季,356463,8.416020737075096,30.6,92.0,27.545833333333334,70.54166666666667,35.0,21.041666666666668
鳳山區,2023-10-30,10.0,2,10,秋季,356463,28.053402456916988,38.4,106.8,33.06,84.3,34.8,23.42857142857143
鳳山區,2023-10-31,8.0,2,10,秋季,356463,22.44272196553359,37.68,111.6,33.169999999999995,83.15,34.8,21.95
鳳山區,2023-11-01,5.0,2,11,秋季,356476,14.026189701410473,31.4,90.0,27.620833333333334,71.5,29.0,20.416666666666668
鳳山區,2023-11-02,12.0,2,11,秋季,356476,33.662855283385134,37.68,115.19999999999999,32.91,89.8,38.4,24.95
鳳山區,2023-11-03,7.0,2,11,秋季,356476,19.636665581974665,31.8,92.0,27.708333333333332,72.08333333333333,37.0,23.916666666666668
鳳山區,2023-11-04,5.0,2,11,秋季,356476,14.026189701410473,32.0,92.0,27.8875,66.91666666666667,39.0,27.0
鳳山區,2023-11-05,9.0,2,11,秋季,356476,25.247141462538853,38.52,108.0,33.754999999999995,80.60000000000001,49.199999999999996,31.55
鳳山區,2023-11-06,7.0,2,11,秋季,356476,19.636665581974665,33.0,71.0,28.945833333333336,59.5,33.0,21.458333333333332
鳳山區,2023-11-07,8.0,2,11,秋季,356476,22.44190352225676,36.6,110.39999999999999,33.275,90.75,70.8,40.48695652173913
鳳山區,2023-11-08,6.0,2,11,秋季,356476,16.831427641692567,30.7,95.0,27.883333333333336,73.5,42.0,26.125
鳳山區,2023-11-09,11.0,2,11,秋季,356476,30.857617343103044,37.92,111.6,33.66499999999999,88.25,43.199999999999996,30.45
鳳山區,2023-11-10,5.0,2,11,秋季,356476,14.026189701410473,34.0,93.0,29.2625,66.79166666666667,33.0,21.208333333333332
鳳山區,2023-11-11,6.0,2,11,秋季,356476,16.831427641692567,31.1,93.0,28.099999999999998,75.29166666666667,32.0,19.416666666666668
鳳山區,2023-11-12,4.0,2,11,秋季,356476,11.22095176112838,30.9,92.0,26.712500000000002,72.625,33.0,16.75
鳳山區,2023-11-13,7.0,2,11,秋季,356476,19.636665581974665,29.1,79.0,25.0625,62.166666666666664,28.0,15.875
鳳山區,2023-11-14,5.0,2,11,秋季,356476,14.026189701410473,28.4,70.0,24.6375,57.416666666666664,30.0,17.041666666666668
鳳山區,2023-11-15,8.0,2,11,秋季,356476,22.44190352225676,35.52,106.8,30.52,80.49999999999999,46.8,22.400000000000002
鳳山區,2023-11-16,4.0,2,11,秋季,356476,11.22095176112838,31.7,89.0,26.083333333333332,65.91666666666667,24.0,12.958333333333334
鳳山區,2023-11-17,12.0,2,11,秋季,356476,33.662855283385134,30.599999999999998,84.0,26.32,62.699999999999996,36.0,22.121739130434783
鳳山區,2023-11-18,12.0,2,11,秋季,356476,33.662855283385134,31.439999999999998,73.2,25.665,59.8,43.199999999999996,30.549999999999997
鳳山區,2023-11-19,5.0,2,11,秋季,356476,14.026189701410473,26.0,68.0,22.15833333333333,53.25,36.0,24.791666666666668
鳳山區,2023-11-20,8.0,2,11,秋季,356476,22.44190352225676,33.0,90.0,27.869999999999997,65.85,39.6,26.049999999999997
鳳山區,2023-11-21,10.0,2,11,秋季,356476,28.052379402820947,35.04,91.2,28.819999999999997,65.39999999999999,38.4,20.55
鳳山區,2023-11-22,7.0,2,11,秋季,356476,19.636665581974665,29.4,83.0,24.145833333333332,56.75,44.0,18.416666666666668
鳳山區,2023-11-23,7.0,2,11,秋季,356476,19.636665581974665,29.8,77.0,24.400000000000002,55.583333333333336,35.0,18.363636363636363
鳳山區,2023-11-24,8.0,2,11,秋季,356476,22.44190352225676,34.56,93.6,28.989999999999995,68.14999999999999,50.4,26.150000000000002
鳳山區,2023-11-25,2.0,2,11,秋季,356476,5.61047588056419,28.3,83.0,24.0625,61.041666666666664,45.0,26.708333333333332
鳳山區,2023-11-26,7.0,2,11,秋季,356476,19.636665581974665,28.1,78.0,24.0,63.625,37.0,19.291666666666668
鳳山區,2023-11-27,4.0,2,11,秋季,356476,11.22095176112838,29.0,91.0,24.683333333333334,66.79166666666667,35.0,23.541666666666668
鳳山區,2023-11-28,2.0,2,11,秋季,356476,5.61047588056419,29.0,79.0,25.337500000000002,64.33333333333333,42.0,26.625
鳳山區,2023-11-29,5.0,2,11,秋季,356476,14.026189701410473,29.2,91.0,26.191666666666666,65.79166666666667,42.0,28.708333333333332
鳳山區,2023-11-30,3.0,2,11,秋季,356476,8.415713820846284,30.1,93.0,26.183333333333334,69.625,40.0,33.22727272727273
鳳山區,2023-12-01,3.0,2,12,冬季,356536,8.414297574438486,27.0,82.0,23.758333333333336,68.91666666666667,39.0,29.291666666666668
鳳山區,2023-12-02,5.0,2,12,冬季,356536,14.023829290730811,28.2,75.0,22.995833333333334,63.5,33.0,23.375
鳳山區,2023-12-03,5.0,2,12,冬季,356536,14.023829290730811,27.0,85.0,23.53333333333333,69.125,39.0,27.75
鳳山區,2023-12-04,6.0,2,12,冬季,356536,16.82859514887697,27.9,91.0,24.066666666666666,72.95833333333333,43.0,15.541666666666666
鳳山區,2023-12-05,9.0,2,12,冬季,356536,25.242892723315457,35.279999999999994,111.6,29.305,87.6,27.599999999999998,13.65
鳳山區,2023-12-06,6.0,2,12,冬季,356536,16.82859514887697,28.7,79.0,23.816666666666666,65.0,31.0,19.458333333333332
鳳山區,2023-12-07,7.0,2,12,冬季,356536,19.633361007023133,27.5,80.0,23.495833333333334,60.125,32.0,20.0
鳳山區,2023-12-08,11.0,2,12,冬季,356536,30.852424439607784,33.0,99.6,29.139999999999997,76.2,38.4,27.849999999999998
鳳山區,2023-12-09,9.0,2,12,冬季,356536,25.242892723315457,37.32,108.0,30.694999999999997,71.1,36.0,25.9
鳳山區,2023-12-10,14.0,2,12,冬季,356536,39.266722014046266,37.08,106.8,32.185,72.89999999999999,61.199999999999996,32.3
鳳山區,2023-12-11,12.0,2,12,冬季,356536,33.65719029775394,36.239999999999995,108.0,32.5,88.95,62.4,32.50909090909091
鳳山區,2023-12-12,14.0,2,12,冬季,356536,39.266722014046266,37.68,114.0,32.415,91.95,45.6,30.65
鳳山區,2023-12-13,5.0,2,12,冬季,356536,14.023829290730811,29.6,89.0,25.474999999999998,73.95833333333333,32.0,21.0
鳳山區,2023-12-14,4.0,2,12,冬季,356536,11.21906343258465,29.0,94.0,25.416666666666668,79.75,66.0,34.708333333333336
鳳山區,2023-12-15,7.0,2,12,冬季,356536,19.633361007023133,30.8,95.0,26.320833333333336,70.16666666666667,44.0,29.416666666666668
鳳山區,2023-12-16,1.0,2,12,冬季,356536,2.8047658581461623,23.92,69.60000000000001,19.553333333333335,49.53333333333333,25.6,15.100000000000001
鳳山區,2023-12-17,5.0,2,12,冬季,356536,14.023829290730811,23.4,70.0,19.925,59.333333333333336,32.0,14.625
鳳山區,2023-12-18,3.0,2,12,冬季,356536,8.414297574438486,26.6,86.0,22.395833333333332,60.833333333333336,32.0,19.565217391304348
鳳山區,2023-12-19,4.0,2,12,冬季,356536,11.21906343258465,27.8,92.0,23.541666666666668,71.75,30.0,18.5
鳳山區,2023-12-20,1.0,2,12,冬季,356536,2.8047658581461623,16.880000000000003,80.0,15.286666666666665,68.0,17.6,11.033333333333333
鳳山區,2023-12-21,2.0,2,12,冬季,356536,5.609531716292325,19.7,79.0,17.508333333333333,67.20833333333333,30.0,18.565217391304348
鳳山區,2023-12-22,2.0,2,12,冬季,356536,5.609531716292325,20.4,66.0,16.3625,54.833333333333336,31.0,22.208333333333332
鳳山區,2023-12-23,6.0,2,12,冬季,356536,16.82859514887697,20.9,88.0,18.3875,63.791666666666664,43.0,31.083333333333332
鳳山區,2023-12-24,4.0,2,12,冬季,356536,11.21906343258465,24.7,90.0,19.270833333333332,63.666666666666664,45.0,20.875
鳳山區,2023-12-25,3.0,2,12,冬季,356536,8.414297574438486,24.2,81.0,18.283333333333335,59.375,41.0,27.695652173913043
鳳山區,2023-12-26,3.0,2,12,冬季,356536,8.414297574438486,23.9,77.0,20.0125,58.875,48.0,36.0
鳳山區,2023-12-27,1.0,2,12,冬季,356536,2.8047658581461623,19.52,76.0,17.346666666666668,54.56666666666666,44.0,30.633333333333333
鳳山區,2023-12-28,1.0,2,12,冬季,356536,2.8047658581461623,20.32,76.80000000000001,17.61,63.0,28.0,12.933333333333335
鳳山區,2023-12-29,3.0,2,12,冬季,356536,8.414297574438486,28.2,100.0,22.316666666666666,80.375,38.0,28.954545454545453
鳳山區,2023-12-30,2.0,2,12,冬季,356536,5.609531716292325,24.1,94.0,21.412499999999998,81.45833333333333,50.0,26.666666666666668
鳳山區,2023-12-31,1.0,2,12,冬季,356536,2.8047658581461623,23.680000000000003,76.0,19.58,55.86666666666667,40.0,20.566666666666666
